t	x0	y0	x1	y1	x2	y2
0.01	1.00006	-0.000454431	2.00227	-0.00510292	2.49768	-0.995805
0.02	1.00042	-0.00186698	2.00865	-0.020035	2.49091	-0.983684
0.03	1.00162	-0.00429773	2.01752	-0.0426817	2.48077	-0.965814
0.04	1.00424	-0.00777237	2.02612	-0.0689712	2.46926	-0.946179
0.05	1.00865	-0.0123664	2.03176	-0.0947083	2.45846	-0.928925
0.06	1.0146	-0.018121	2.0322	-0.115918	2.45041	-0.917963
0.07	1.02109	-0.0250151	2.02642	-0.129917	2.44654	-0.91599
0.08	1.02639	-0.0329278	2.01484	-0.1357	2.44755	-0.9241
0.09	1.02843	-0.0416729	1.99932	-0.13413	2.45315	-0.941589
0.1	1.02531	-0.0510739	1.98274	-0.127602	2.46218	-0.966208
0.11	1.01597	-0.0610485	1.96826	-0.119484	2.47283	-0.994666
0.12	1.0007	-0.0716487	1.95854	-0.1134	2.48302	-1.02331
0.13	0.981362	-0.0830445	1.95502	-0.112576	2.49086	-1.04885
0.14	0.961147	-0.0954778	1.95759	-0.119295	2.495	-1.06888
0.15	0.943959	-0.109225	1.96471	-0.134542	2.49487	-1.08236
0.16	0.933515	-0.124573	1.97385	-0.157869	2.49074	-1.08967
0.17	0.932418	-0.141776	1.98222	-0.187532	2.48355	-1.09246
0.18	0.94141	-0.16098	1.98746	-0.220888	2.47474	-1.09332
0.19	0.959033	-0.182113	1.98826	-0.254975	2.46594	-1.09516
0.2	0.981779	-0.204814	1.98457	-0.287124	2.45872	-1.10071
0.21	1.00474	-0.228436	1.97756	-0.315449	2.45429	-1.11201
0.22	1.02263	-0.252164	1.96927	-0.339086	2.45337	-1.13017
0.23	1.03092	-0.275216	1.96201	-0.358181	2.45609	-1.15525
0.24	1.02693	-0.297051	1.95771	-0.373684	2.46196	-1.18643
0.25	1.01044	-0.317529	1.95734	-0.38708	2.47005	-1.22218
0.26	0.983852	-0.336947	1.96061	-0.400132	2.47919	-1.26059
0.27	0.95168	-0.355979	1.966	-0.414665	2.48811	-1.29962
0.28	0.919562	-0.375534	1.97113	-0.432372	2.49571	-1.33735
0.29	0.892987	-0.396564	1.97339	-0.454631	2.50107	-1.37222
0.3	0.87606	-0.419838	1.97068	-0.48235	2.50361	-1.40316
0.31	0.870598	-0.445721	1.96191	-0.515878	2.50302	-1.42972
0.32	0.875757	-0.474015	1.94729	-0.554992	2.49936	-1.45208
0.33	0.888266	-0.503904	1.92825	-0.598974	2.49298	-1.471
0.34	0.903191	-0.53404	1.90693	-0.646752	2.48457	-1.48772
0.35	0.91506	-0.562755	1.8856	-0.697057	2.47506	-1.50379
0.36	0.919069	-0.588377	1.86591	-0.748564	2.46564	-1.52089
0.37	0.912109	-0.609581	1.84841	-0.799991	2.45756	-1.54066
0.38	0.893357	-0.625738	1.83237	-0.850163	2.45201	-1.56445
0.39	0.864319	-0.63713	1.81597	-0.898087	2.44989	-1.59316
0.4	0.828326	-0.644979	1.79693	-0.943094	2.45157	-1.62702
0.41	0.789667	-0.651234	1.77319	-0.985023	2.45671	-1.6655
0.42	0.75259	-0.658168	1.74367	-1.02439	2.46415	-1.70729
0.43	0.720432	-0.667895	1.70873	-1.06244	2.47197	-1.75048
0.44	0.695091	-0.68194	1.67018	-1.10102	2.4777	-1.79282
0.45	0.676906	-0.700978	1.63089	-1.14223	2.4787	-1.83216
0.46	0.664928	-0.724772	1.59401	-1.18797	2.47272	-1.86683
0.47	0.65743	-0.752337	1.56206	-1.23944	2.45834	-1.89601
0.48	0.652493	-0.782219	1.53614	-1.29684	2.43538	-1.91987
0.49	0.648462	-0.81283	1.51549	-1.35914	2.40502	-1.93955
0.5	0.644187	-0.842712	1.49762	-1.42433	2.36968	-1.9569
0.51	0.63902	-0.870671	1.47882	-1.4898	2.33251	-1.97404
0.52	0.632623	-0.89578	1.45512	-1.55292	2.29679	-1.99291
0.53	0.624741	-0.917287	1.42327	-1.61168	2.26519	-2.01487
0.54	0.615034	-0.934532	1.38158	-1.66502	2.23914	-2.04045
0.55	0.603066	-0.946949	1.33028	-1.71295	2.21851	-2.06941
0.56	0.588453	-0.954193	1.27148	-1.75628	2.2015	-2.10086
0.57	0.571083	-0.95638	1.20857	-1.79618	2.18509	-2.13356
0.58	0.5513	-0.95433	1.1454	-1.83364	2.16556	-2.16621
0.59	0.529933	-0.949695	1.08546	-1.86905	2.13931	-2.19766
0.6	0.508157	-0.944841	1.03122	-1.90198	2.10349	-2.22712
0.61	0.487219	-0.942443	0.983763	-1.93133	2.05657	-2.25417
0.62	0.468127	-0.944879	0.942709	-1.95564	1.99852	-2.27883
0.63	0.451396	-0.953573	0.906443	-1.97357	1.93082	-2.30151
0.64	0.436893	-0.968498	0.872556	-1.98434	1.85609	-2.32294
0.65	0.423829	-0.987988	0.838418	-1.98795	1.77756	-2.34407
0.66	0.410894	-1.00894	0.801751	-1.98528	1.69847	-2.36604
0.67	0.396534	-1.02736	0.761061	-1.9779	1.62148	-2.38994
0.68	0.3793	-1.03924	0.71582	-1.96787	1.54835	-2.41672
0.69	0.3582	-1.04142	0.666394	-1.95733	1.47971	-2.4469
0.7	0.332949	-1.0324	0.613768	-1.94818	1.41522	-2.48054
0.71	0.304037	-1.01289	0.559224	-1.94172	1.35377	-2.51713
0.72	0.272589	-0.985793	0.50408	-1.93845	1.29383	-2.55574
0.73	0.240059	-0.955834	0.449539	-1.93805	1.23374	-2.59517
0.74	0.207875	-0.928623	0.39663	-1.93966	1.17195	-2.63411
0.75	0.177124	-0.909547	0.346187	-1.94226	1.10724	-2.67138
0.76	0.148376	-0.90263	0.298821	-1.94519	1.03875	-2.70598
0.77	0.121658	-0.909671	0.254883	-1.94843	0.966113	-2.73728
0.78	0.0965713	-0.929866	0.214413	-1.95274	0.889435	-2.76508
0.79	0.0724965	-0.959997	0.177102	-1.95945	0.809266	-2.78969
0.8	0.0487971	-0.995136	0.142297	-1.96999	0.72653	-2.81197
0.81	0.0249859	-1.0297	0.109055	-1.98535	0.642405	-2.8333
0.82	0.000817398	-1.0586	0.0762569	-2.00555	0.558161	-2.85554
0.83	-0.0236951	-1.07819	0.0427753	-2.02941	0.474969	-2.88072
0.84	-0.0483292	-1.08688	0.00766996	-2.05468	0.393706	-2.91078
0.85	-0.0727538	-1.08519	-0.0296224	-2.07845	0.314805	-2.94713
0.86	-0.0966517	-1.07546	-0.0691596	-2.09792	0.238191	-2.9902
0.87	-0.119822	-1.06111	-0.110478	-2.11118	0.163322	-3.03921
0.88	-0.142227	-1.04589	-0.152707	-2.11778	0.0893471	-3.09197
0.89	-0.163974	-1.03307	-0.194797	-2.11893	0.0153179	-3.14514
0.9	-0.185236	-1.02499	-0.235773	-2.11731	-0.0595775	-3.19461
0.91	-0.206159	-1.02286	-0.274952	-2.11632	-0.135843	-3.23619
0.92	-0.226784	-1.02677	-0.312055	-2.11922	-0.213589	-3.26636
0.93	-0.247004	-1.03607	-0.34719	-2.12815	-0.29256	-3.2829
0.94	-0.266566	-1.0496	-0.38072	-2.14346	-0.372249	-3.28533
0.95	-0.285104	-1.06598	-0.413068	-2.16355	-0.452078	-3.27497
0.96	-0.302176	-1.08376	-0.44451	-2.18515	-0.53159	-3.25462
0.97	-0.317304	-1.10139	-0.475036	-2.20407	-0.610604	-3.22801
0.98	-0.330003	-1.11718	-0.504321	-2.21626	-0.689257	-3.19892
0.99	-0.339812	-1.12924	-0.531847	-2.21878	-0.76792	-3.17047
1	-0.346328	-1.13563	-0.557154	-2.21047	-0.84698	-3.14445
1.01	-0.349266	-1.1346	-0.580129	-2.19212	-0.926554	-3.12113
1.02	-0.348531	-1.12499	-0.601212	-2.16614	-1.00626	-3.09931
1.03	-0.34432	-1.10668	-0.621402	-2.13576	-1.08515	-3.07677
1.04	-0.33721	-1.08091	-0.642054	-2.10417	-1.16182	-3.05086
1.05	-0.328202	-1.05029	-0.664515	-2.07372	-1.23468	-3.0191
1.06	-0.318683	-1.01856	-0.689755	-2.04544	-1.3023	-2.97969
1.07	-0.310281	-0.989949	-0.718095	-2.01902	-1.36366	-2.93172
1.08	-0.304616	-0.968375	-0.749146	-1.99317	-1.41839	-2.87535
1.09	-0.302985	-0.956575	-0.781951	-1.96618	-1.4668	-2.81158
1.1	-0.306052	-0.955463	-0.815289	-1.9366	-1.50979	-2.74203
1.11	-0.313618	-0.963848	-0.848029	-1.90372	-1.54869	-2.66866
1.12	-0.324553	-0.978626	-0.879428	-1.86774	-1.58508	-2.59347
1.13	-0.336922	-0.995423	-0.90927	-1.82966	-1.62059	-2.51831
1.14	-0.348324	-1.00953	-0.937802	-1.79088	-1.65676	-2.44472
1.15	-0.356386	-1.01692	-0.965502	-1.75275	-1.69496	-2.37392
1.16	-0.359308	-1.01506	-0.992765	-1.71614	-1.73625	-2.3067
1.17	-0.356316	-1.0034	-1.01964	-1.68129	-1.78139	-2.24351
1.18	-0.347865	-0.98337	-1.04575	-1.64786	-1.83067	-2.18435
1.19	-0.335555	-0.958004	-1.07044	-1.61513	-1.88384	-2.12886
1.2	-0.321753	-0.931295	-1.09309	-1.58237	-1.94006	-2.0763
1.21	-0.30906	-0.9074	-1.11354	-1.54914	-1.99782	-2.02567
1.22	-0.299778	-0.889906	-1.13234	-1.51542	-2.05509	-1.9758
1.23	-0.295496	-0.881262	-1.15077	-1.48169	-2.10959	-1.92558
1.24	-0.296896	-0.882479	-1.17069	-1.44876	-2.15908	-1.87405
1.25	-0.303769	-0.893131	-1.19399	-1.4175	-2.20182	-1.82061
1.26	-0.315229	-0.911596	-1.22209	-1.38859	-2.23693	-1.76511
1.27	-0.330028	-0.935437	-1.25537	-1.36223	-2.26462	-1.70782
1.28	-0.346892	-0.9618	-1.29287	-1.3381	-2.28625	-1.64941
1.29	-0.364769	-0.987743	-1.33236	-1.31546	-2.30411	-1.59076
1.3	-0.382931	-1.01048	-1.37072	-1.29342	-2.32099	-1.53277
1.31	-0.400904	-1.02753	-1.40467	-1.27121	-2.33965	-1.47616
1.32	-0.418308	-1.03692	-1.43162	-1.24841	-2.36219	-1.42136
1.33	-0.434688	-1.03724	-1.45035	-1.22498	-2.38962	-1.36844
1.34	-0.449466	-1.02786	-1.46138	-1.20123	-2.42163	-1.31722
1.35	-0.462044	-1.00898	-1.46682	-1.1776	-2.45665	-1.26738
1.36	-0.472052	-0.981619	-1.46985	-1.15455	-2.49216	-1.21861
1.37	-0.479656	-0.947582	-1.47388	-1.13234	-2.52532	-1.17071
1.38	-0.485795	-0.909306	-1.48165	-1.11104	-2.55347	-1.12363
1.39	-0.492229	-0.869633	-1.4946	-1.09042	-2.57474	-1.07748
1.4	-0.501327	-0.831498	-1.51261	-1.0701	-2.58829	-1.0324
1.41	-0.515607	-0.797541	-1.53424	-1.04963	-2.59449	-0.988547
1.42	-0.537116	-0.769689	-1.55727	-1.02868	-2.59468	-0.946
1.43	-0.566804	-0.748816	-1.57946	-1.0072	-2.59089	-0.904725
1.44	-0.604063	-0.734585	-1.59924	-0.985517	-2.58541	-0.864576
1.45	-0.646582	-0.725547	-1.61616	-0.964315	-2.58047	-0.825318
1.46	-0.690613	-0.719482	-1.63091	-0.944511	-2.57794	-0.786674
1.47	-0.73165	-0.713888	-1.64502	-0.927083	-2.57922	-0.748361
1.48	-0.765367	-0.70649	-1.66026	-0.912899	-2.58517	-0.710123
1.49	-0.788606	-0.695669	-1.67801	-0.902577	-2.5962	-0.671744
1.5	-0.800144	-0.680722	-1.69875	-0.896393	-2.61229	-0.633072
1.51	-0.801034	-0.661967	-1.72188	-0.894195	-2.633	-0.594056
1.52	-0.794419	-0.640656	-1.7459	-0.895342	-2.65745	-0.554811
1.53	-0.784877	-0.618725	-1.76891	-0.898673	-2.6843	-0.515685
1.54	-0.777427	-0.598384	-1.7892	-0.902575	-2.71178	-0.477325
1.55	-0.776469	-0.581615	-1.80582	-0.905176	-2.73779	-0.440666
1.56	-0.78486	-0.569706	-1.81891	-0.904655	-2.76016	-0.406834
1.57	-0.80336	-0.56293	-1.82966	-0.899601	-2.77695	-0.376945
1.58	-0.830532	-0.560484	-1.84002	-0.88931	-2.78681	-0.351863
1.59	-0.863115	-0.560696	-1.85208	-0.873935	-2.78923	-0.331968
1.6	-0.89678	-0.561438	-1.86743	-0.854443	-2.78481	-0.317009
1.61	-0.927083	-0.560611	-1.88648	-0.832422	-2.77517	-0.306074
1.62	-0.950389	-0.556567	-1.90825	-0.809792	-2.76284	-0.297705
1.63	-0.964543	-0.548351	-1.93033	-0.788504	-2.75081	-0.29012
1.64	-0.969153	-0.535766	-1.94942	-0.770252	-2.74204	-0.281529
1.65	-0.96544	-0.519282	-1.96209	-0.756208	-2.73882	-0.270487
1.66	-0.955749	-0.499856	-1.96568	-0.746787	-2.74233	-0.256221
1.67	-0.942898	-0.478725	-1.95907	-0.741515	-2.75232	-0.238845
1.68	-0.92955	-0.457171	-1.94303	-0.739072	-2.76715	-0.219398
1.69	-0.917757	-0.436321	-1.92017	-0.737534	-2.78396	-0.199668
1.7	-0.90876	-0.417	-1.89448	-0.734776	-2.79929	-0.181828
1.71	-0.903016	-0.399672	-1.87041	-0.728934	-2.80965	-0.167975
1.72	-0.900412	-0.38448	-1.85198	-0.718787	-2.8123	-0.159693
1.73	-0.900538	-0.371357	-1.84181	-0.703992	-2.80579	-0.157716
1.74	-0.902935	-0.360153	-1.84063	-0.685125	-2.79035	-0.161789
1.75	-0.907242	-0.350727	-1.84708	-0.663567	-2.76791	-0.170729
1.76	-0.913197	-0.342969	-1.85807	-0.641258	-2.74176	-0.18266
1.77	-0.920513	-0.336758	-1.86955	-0.62038	-2.71601	-0.195404
1.78	-0.928663	-0.331903	-1.8775	-0.603012	-2.69478	-0.206896
1.79	-0.936715	-0.328098	-1.87897	-0.590818	-2.68143	-0.215572
1.8	-0.94329	-0.324913	-1.87278	-0.584832	-2.67795	-0.220622
1.81	-0.946756	-0.321849	-1.85986	-0.585382	-2.68459	-0.222059
1.82	-0.945634	-0.31843	-1.84297	-0.592126	-2.6999	-0.220637
1.83	-0.939114	-0.31434	-1.82596	-0.604171	-2.72107	-0.217642
1.84	-0.927523	-0.309579	-1.81278	-0.620187	-2.74452	-0.214639
1.85	-0.912545	-0.304588	-1.80648	-0.638543	-2.76667	-0.213197
1.86	-0.897091	-0.300282	-1.80855	-0.657466	-2.78453	-0.214651
1.87	-0.884789	-0.29793	-1.81867	-0.675272	-2.79621	-0.219899
1.88	-0.879202	-0.298875	-1.83496	-0.690651	-2.80112	-0.22928
1.89	-0.882967	-0.304181	-1.85452	-0.702935	-2.79992	-0.242551
1.9	-0.897054	-0.314305	-1.87421	-0.712251	-2.79424	-0.258972
1.91	-0.920344	-0.328899	-1.89137	-0.719493	-2.78629	-0.277483
1.92	-0.949666	-0.346805	-1.90438	-0.726125	-2.77844	-0.296929
1.93	-0.980314	-0.366245	-1.91279	-0.733856	-2.7728	-0.316278
1.94	-1.00695	-0.385158	-1.9172	-0.744291	-2.77091	-0.334788
1.95	-1.02471	-0.40162	-1.91882	-0.758623	-2.77361	-0.352079
1.96	-1.03027	-0.414241	-1.91895	-0.777408	-2.78095	-0.368141
1.97	-1.02258	-0.42249	-1.91843	-0.800433	-2.79227	-0.383289
1.98	-1.0031	-0.426848	-1.9174	-0.826686	-2.80634	-0.398103
1.99	-0.975528	-0.428769	-1.91524	-0.85444	-2.82154	-0.41336
2	-0.944897	-0.430407	-1.91092	-0.881488	-2.83602	-0.429952
2.01	-0.916525	-0.434152	-1.90337	-0.905518	-2.8479	-0.448792
2.02	-0.894818	-0.442084	-1.89203	-0.924559	-2.85543	-0.470695
2.03	-0.882346	-0.455463	-1.87711	-0.9374	-2.85722	-0.496263
2.04	-0.879354	-0.474414	-1.85973	-0.943847	-2.85236	-0.525783
2.05	-0.883807	-0.497888	-1.84168	-0.944755	-2.8406	-0.559182
2.06	-0.891951	-0.523931	-1.82496	-0.941799	-2.82245	-0.596037
2.07	-0.899235	-0.550166	-1.81121	-0.937067	-2.79924	-0.635662
2.08	-0.901371	-0.574367	-1.80111	-0.932589	-2.77303	-0.677236
2.09	-0.89527	-0.594933	-1.79406	-0.929948	-2.74639	-0.719962
2.1	-0.879637	-0.611166	-1.78817	-0.930055	-2.72211	-0.76321
2.11	-0.85509	-0.623305	-1.7807	-0.933117	-2.70267	-0.806622
2.12	-0.823814	-0.632378	-1.76884	-0.938771	-2.68978	-0.850142
2.13	-0.788873	-0.639937	-1.75059	-0.946309	-2.68394	-0.893959
2.14	-0.753424	-0.647734	-1.72545	-0.954972	-2.68424	-0.938376
2.15	-0.720034	-0.657419	-1.69483	-0.964216	-2.68836	-0.98365
2.16	-0.690291	-0.670294	-1.66176	-0.973893	-2.69299	-1.02985
2.17	-0.664737	-0.687178	-1.63025	-0.984282	-2.69446	-1.07679
2.18	-0.643099	-0.708382	-1.60426	-0.995958	-2.68941	-1.1241
2.19	-0.624684	-0.733772	-1.58663	-1.00955	-2.67558	-1.17133
2.2	-0.608768	-0.762855	-1.57829	-1.02547	-2.65224	-1.21812
2.21	-0.594876	-0.794841	-1.57794	-1.04373	-2.62033	-1.26439
2.22	-0.58283	-0.82865	-1.58231	-1.06388	-2.58226	-1.31039
2.23	-0.572604	-0.862903	-1.58695	-1.08504	-2.54133	-1.35672
2.24	-0.564043	-0.895931	-1.58741	-1.10617	-2.50096	-1.40427
2.25	-0.556575	-0.925857	-1.58031	-1.12626	-2.46397	-1.45395
2.26	-0.549064	-0.95076	-1.56419	-1.14467	-2.43198	-1.50649
2.27	-0.539891	-0.968912	-1.53978	-1.16131	-2.40513	-1.56214
2.28	-0.52728	-0.979038	-1.50966	-1.17682	-2.38222	-1.62055
2.29	-0.5098	-0.980562	-1.47744	-1.1924	-2.36109	-1.68079
2.3	-0.486893	-0.973801	-1.44669	-1.20962	-2.33917	-1.74152
2.31	-0.459262	-0.960076	-1.41995	-1.22995	-2.31409	-1.80129
2.32	-0.428952	-0.941708	-1.39805	-1.25439	-2.2841	-1.85889
2.33	-0.399071	-0.921848	-1.38001	-1.28308	-2.24836	-1.91352
2.34	-0.373178	-0.904092	-1.36347	-1.31528	-2.20689	-1.96499
2.35	-0.354499	-0.891892	-1.34549	-1.34957	-2.16039	-2.01359
2.36	-0.345176	-0.887851	-1.32349	-1.38435	-2.10993	-2.05996
2.37	-0.345733	-0.893099	-1.29606	-1.41833	-2.05662	-2.1049
2.38	-0.354889	-0.906928	-1.26337	-1.45107	-2.00142	-2.14912
2.39	-0.369779	-0.926826	-1.22702	-1.48308	-1.945	-2.19319
2.4	-0.386545	-0.948941	-1.18956	-1.51567	-1.88787	-2.23755
2.41	-0.401195	-0.968878	-1.15358	-1.55045	-1.83046	-2.28261
2.42	-0.41052	-0.982669	-1.12089	-1.58875	-1.7733	-2.32893
2.43	-0.412806	-0.987704	-1.09193	-1.63097	-1.71705	-2.3773
2.44	-0.408127	-0.983389	-1.06565	-1.67623	-1.66249	-2.42868
2.45	-0.398155	-0.971342	-1.0399	-1.72239	-1.6103	-2.48408
2.46	-0.385564	-0.955024	-1.01217	-1.76661	-1.56088	-2.54415
2.47	-0.37326	-0.938882	-0.980406	-1.80615	-1.51406	-2.60888
2.48	-0.363667	-0.92724	-0.943663	-1.83935	-1.46908	-2.67731
2.49	-0.358247	-0.923269	-0.902331	-1.86633	-1.42458	-2.7474
2.5	-0.357343	-0.928325	-0.857989	-1.8891	-1.37883	-2.81628
2.51	-0.360312	-0.941821	-0.812901	-1.91112	-1.33005	-2.88067
2.52	-0.365884	-0.961622	-0.769331	-1.93631	-1.27679	-2.93757
2.53	-0.372576	-0.98481	-0.728902	-1.96783	-1.21822	-2.98492
2.54	-0.379046	-1.00854	-0.692182	-2.00694	-1.15428	-3.02212
2.55	-0.384273	-1.03074	-0.65862	-2.05244	-1.08572	-3.0502
2.56	-0.387565	-1.05041	-0.626821	-2.10071	-1.01388	-3.07167
2.57	-0.388448	-1.0675	-0.595044	-2.14655	-0.940311	-3.08996
2.58	-0.386525	-1.08245	-0.561749	-2.18443	-0.866454	-3.10859
2.59	-0.381383	-1.09557	-0.52602	-2.20992	-0.793262	-3.13035
2.6	-0.372578	-1.1066	-0.487732	-2.22095	-0.72107	-3.15658
2.61	-0.359698	-1.11453	-0.447443	-2.21827	-0.649651	-3.18676
2.62	-0.34248	-1.11785	-0.406083	-2.20532	-0.578439	-3.21861
2.63	-0.320913	-1.11511	-0.364587	-2.18728	-0.506814	-3.24857
2.64	-0.295283	-1.10561	-0.323623	-2.16961	-0.434334	-3.27262
2.65	-0.266147	-1.09002	-0.283472	-2.15666	-0.360853	-3.28718
2.66	-0.234236	-1.07063	-0.24406	-2.15057	-0.286518	-3.2899
2.67	-0.200322	-1.05101	-0.20508	-2.15082	-0.211676	-3.28006
2.68	-0.16509	-1.03537	-0.166157	-2.15464	-0.136735	-3.25864
2.69	-0.129048	-1.02744	-0.126995	-2.15797	-0.0620216	-3.22797
2.7	-0.0924936	-1.02936	-0.0874776	-2.15676	0.0123122	-3.19111
2.71	-0.0555681	-1.04095	-0.0476785	-2.14828	0.0863114	-3.15118
2.72	-0.018359	-1.05941	-0.00780622	-2.13183	0.160167	-3.11083
2.73	0.0189857	-1.07985	0.031903	-2.10891	0.234123	-3.07189
2.74	0.0561904	-1.09627	0.071279	-2.08266	0.308381	-3.03531
2.75	0.0928628	-1.10304	0.110258	-2.0568	0.383058	-3.00139
2.76	0.12858	-1.0963	0.14886	-2.03449	0.458192	-2.97005
2.77	0.163018	-1.07493	0.187122	-2.01739	0.533791	-2.9411
2.78	0.196097	-1.04094	0.225041	-2.00527	0.609864	-2.9144
2.79	0.228075	-0.999037	0.262568	-1.99621	0.686421	-2.88983
2.8	0.259572	-0.955516	0.299671	-1.9874	0.7634	-2.86715
2.81	0.291475	-0.916823	0.336471	-1.97613	0.840556	-2.84583
2.82	0.324726	-0.888081	0.37338	-1.96073	0.917361	-2.82493
2.83	0.36005	-0.872006	0.411164	-1.94122	0.992976	-2.80317
2.84	0.397698	-0.868461	0.450866	-1.91931	1.06636	-2.77913
2.85	0.43731	-0.874699	0.493578	-1.89793	1.13648	-2.75154
2.86	0.477924	-0.886209	0.54013	-1.88036	1.20263	-2.71967
2.87	0.518135	-0.897878	0.590789	-1.86917	1.2647	-2.6836
2.88	0.556345	-0.90519	0.645059	-1.86539	1.32335	-2.64435
2.89	0.591057	-0.905161	0.701623	-1.86813	1.38	-2.60372
2.9	0.621145	-0.896815	0.758468	-1.87461	1.43667	-2.56402
2.91	0.646056	-0.881114	0.813201	-1.88093	1.49557	-2.52749
2.92	0.66586	-0.860441	0.863544	-1.88299	1.5586	-2.4958
2.93	0.68114	-0.837797	0.907941	-1.87756	1.62677	-2.46962
2.94	0.692755	-0.815982	0.946089	-1.863	1.69986	-2.44851
2.95	0.701571	-0.796978	0.979217	-1.83961	1.77622	-2.43097
2.96	0.708254	-0.781667	1.00995	-1.80944	1.853	-2.41479
2.97	0.713194	-0.769933	1.04178	-1.77571	1.92672	-2.39742
2.98	0.716551	-0.761057	1.07825	-1.74196	1.99401	-2.37652
2.99	0.718408	-0.754253	1.12211	-1.71101	2.0523	-2.35037
3	0.718973	-0.749155	1.17454	-1.68428	2.10043	-2.31821
3.01	0.718749	-0.746056	1.23474	-1.66135	2.13892	-2.28042
3.02	0.718591	-0.745821	1.29994	-1.64009	2.16979	-2.23839
3.03	0.719561	-0.749474	1.36598	-1.61736	2.19618	-2.19426
3.04	0.722583	-0.757631	1.4282	-1.58988	2.22154	-2.15042
3.05	0.727992	-0.769999	1.48267	-1.5552	2.24895	-2.10902
3.06	0.735184	-0.78516	1.52718	-1.51236	2.28037	-2.07153
3.07	0.742535	-0.800746	1.56178	-1.46213	2.31638	-2.03842
3.08	0.747714	-0.81397	1.58863	-1.40671	2.35611	-2.00911
3.09	0.748333	-0.822356	1.61127	-1.34909	2.3976	-1.98215
3.1	0.742778	-0.824396	1.63343	-1.29229	2.43838	-1.95556
3.11	0.730944	-0.819912	1.65785	-1.23863	2.47599	-1.92732
3.12	0.714591	-0.810013	1.68544	-1.18943	2.50851	-1.89577
3.13	0.69715	-0.796712	1.71505	-1.14496	2.53485	-1.85989
3.14	0.682993	-0.782358	1.7439	-1.10466	2.55477	-1.81941
3.15	0.67638	-0.769035	1.76853	-1.06751	2.56874	-1.77467
3.16	0.680357	-0.758075	1.78588	-1.03243	2.57765	-1.72645
3.17	0.695913	-0.749761	1.79424	-0.998605	2.58255	-1.67571
3.18	0.721581	-0.7433	1.79379	-0.965651	2.58443	-1.62334
3.19	0.753615	-0.737062	1.78659	-0.933643	2.58407	-1.57009
3.2	0.786718	-0.729019	1.77603	-0.90292	2.58211	-1.51654
3.21	0.815175	-0.717264	1.76589	-0.87382	2.57915	-1.46319
3.22	0.834134	-0.700472	1.75927	-0.846441	2.57591	-1.4106
3.23	0.84072	-0.678208	1.75776	-0.820501	2.57335	-1.35945
3.24	0.834683	-0.651042	1.76099	-0.795337	2.5727	-1.31052
3.25	0.818409	-0.620485	1.76685	-0.770041	2.57526	-1.2646
3.26	0.796304	-0.588742	1.77219	-0.74369	2.58214	-1.2223
3.27	0.773716	-0.55833	1.77393	-0.715644	2.59388	-1.18384
3.28	0.755695	-0.531623	1.77013	-0.68581	2.61021	-1.149
3.29	0.745897	-0.510439	1.76079	-0.654772	2.62986	-1.11698
3.3	0.745916	-0.495788	1.74807	-0.623718	2.65077	-1.08664
3.31	0.755161	-0.487843	1.73582	-0.594148	2.67042	-1.05666
3.32	0.771278	-0.486113	1.7286	-0.567461	2.68645	-1.02589
3.33	0.790966	-0.489714	1.73037	-0.544541	2.69723	-0.993591
3.34	0.810927	-0.49764	1.74332	-0.525504	2.70244	-0.95968
3.35	0.828668	-0.508906	1.76706	-0.509656	2.70321	-0.924727
3.36	0.842945	-0.522597	1.79861	-0.495696	2.70202	-0.88987
3.37	0.853761	-0.537811	1.83303	-0.482057	2.70216	-0.856569
3.38	0.861963	-0.553615	1.86462	-0.467301	2.70703	-0.826276
3.39	0.868639	-0.569015	1.88835	-0.450472	2.71927	-0.800097
3.4	0.874536	-0.583002	1.90109	-0.431319	2.74009	-0.778506
3.41	0.879704	-0.594638	1.90234	-0.410356	2.76892	-0.761215
3.42	0.883475	-0.603178	1.89427	-0.388725	2.80341	-0.747208
3.43	0.884763	-0.608163	1.88107	-0.367952	2.83984	-0.734969
3.44	0.88257	-0.609449	1.86781	-0.349644	2.87384	-0.722811
3.45	0.876513	-0.607153	1.85912	-0.335245	2.90128	-0.709225
3.46	0.867196	-0.60156	1.85798	-0.325844	2.91908	-0.693176
3.47	0.856309	-0.593033	1.86503	-0.322062	2.92578	-0.674272
3.48	0.846398	-0.581975	1.8784	-0.323975	2.92176	-0.652789
3.49	0.840332	-0.568826	1.89429	-0.331115	2.9091	-0.629544
3.5	0.840577	-0.554066	1.90799	-0.342568	2.891	-0.605645
3.51	0.848425	-0.538189	1.91519	-0.357176	2.87111	-0.582193
3.52	0.863421	-0.521635	1.91324	-0.373794	2.85269	-0.560015
3.53	0.883173	-0.504725	1.90189	-0.391511	2.83806	-0.539532
3.54	0.903694	-0.487621	1.88344	-0.409771	2.82824	-0.520782
3.55	0.920251	-0.470328	1.86205	-0.428394	2.82301	-0.503572
3.56	0.928561	-0.452746	1.84257	-0.447522	2.82131	-0.487646
3.57	0.926008	-0.434799	1.82911	-0.467519	2.82171	-0.472816
3.58	0.912526	-0.416621	1.82383	-0.488804	2.823	-0.458991
3.59	0.890838	-0.398766	1.82644	-0.511666	2.8245	-0.446147
3.6	0.865931	-0.382303	1.83444	-0.536103	2.82608	-0.434276
3.61	0.843898	-0.368702	1.84406	-0.561792	2.82797	-0.423348
3.62	0.830445	-0.359501	1.85159	-0.588185	2.8304	-0.413324
3.63	0.829489	-0.355859	1.8546	-0.614681	2.83323	-0.404215
3.64	0.84221	-0.358171	1.85277	-0.640809	2.83583	-0.396153
3.65	0.866794	-0.365854	1.84788	-0.666369	2.83712	-0.389419
3.66	0.898936	-0.37741	1.84324	-0.691502	2.83584	-0.384401
3.67	0.93293	-0.390725	1.84255	-0.716677	2.83102	-0.381475
3.68	0.963056	-0.403548	1.84866	-0.742575	2.82229	-0.380855
3.69	0.984889	-0.414027	1.86258	-0.76991	2.81018	-0.382462
3.7	0.996213	-0.421143	1.88302	-0.799223	2.79601	-0.385854
3.71	0.997316	-0.424929	1.90662	-0.830717	2.78165	-0.390267
3.72	0.99066	-0.426419	1.92876	-0.864148	2.76897	-0.394768
3.73	0.980036	-0.427335	1.94472	-0.898767	2.75931	-0.398533
3.74	0.969453	-0.429628	1.95083	-0.933322	2.75311	-0.401158
3.75	0.962064	-0.434965	1.94527	-0.966159	2.74977	-0.402908
3.76	0.959392	-0.444299	1.92846	-0.995472	2.74772	-0.404762
3.77	0.961033	-0.45761	1.90288	-1.01966	2.74482	-0.408231
3.78	0.964877	-0.473884	1.8724	-1.03773	2.73871	-0.414992
3.79	0.967755	-0.491363	1.84139	-1.0495	2.72737	-0.426473
3.8	0.966308	-0.508013	1.81369	-1.05568	2.70954	-0.443493
3.81	0.957878	-0.522079	1.79172	-1.05765	2.68501	-0.466066
3.82	0.941184	-0.532583	1.77588	-1.05715	2.65484	-0.493381
3.83	0.916651	-0.539584	1.76449	-1.05592	2.62114	-0.523964
3.84	0.886307	-0.544148	1.75421	-1.05551	2.58678	-0.555971
3.85	0.853259	-0.548031	1.74089	-1.05709	2.55479	-0.587571
3.86	0.820864	-0.553212	1.72072	-1.0614	2.52776	-0.617326
3.87	0.791851	-0.561398	1.69136	-1.06876	2.50727	-0.644489
3.88	0.767635	-0.573625	1.65271	-1.07915	2.4935	-0.669128
3.89	0.748047	-0.590047	1.60715	-1.0924	2.48519	-0.692048
3.9	0.731538	-0.609972	1.55911	-1.10838	2.47989	-0.714532
3.91	0.715776	-0.632139	1.51404	-1.12708	2.47448	-0.738002
3.92	0.698434	-0.655182	1.47704	-1.14858	2.46593	-0.763698
3.93	0.677907	-0.678143	1.45167	-1.17299	2.45207	-0.792445
3.94	0.653776	-0.700857	1.43898	-1.20019	2.43206	-0.824519
3.95	0.626894	-0.724051	1.43727	-1.22988	2.40666	-0.859623
3.96	0.599105	-0.749096	1.44249	-1.26158	2.37797	-0.89696
3.97	0.572663	-0.777496	1.44918	-1.29485	2.34893	-0.935397
3.98	0.549537	-0.810273	1.45178	-1.3294	2.32261	-0.973715
3.99	0.530773	-0.84746	1.44594	-1.36518	2.30146	-1.0109
4	0.51613	-0.887838	1.4295	-1.40224	2.28675	-1.04641
4.01	0.504087	-0.929012	1.40286	-1.44063	2.27828	-1.08031
4.02	0.492239	-0.967799	1.36872	-1.48028	2.27445	-1.11328
4.03	0.477984	-1.00083	1.33121	-1.52092	2.2726	-1.14642
4.04	0.459305	-1.02529	1.29472	-1.56201	2.26958	-1.18099
4.05	0.435417	-1.03952	1.26264	-1.60266	2.26242	-1.21816
4.06	0.407077	-1.04354	1.23654	-1.6416	2.24895	-1.25873
4.07	0.376454	-1.03904	1.21577	-1.67724	2.22811	-1.30305
4.08	0.346623	-1.02912	1.19779	-1.70787	2.20013	-1.351
4.09	0.320805	-1.0175	1.17887	-1.73194	2.16631	-1.40201
4.1	0.301583	-1.00762	1.15514	-1.74845	2.12864	-1.45531
4.11	0.290268	-1.00183	1.12365	-1.75718	2.08927	-1.51013
4.12	0.286571	-1.00075	1.08319	-1.75885	2.05	-1.56595
4.13	0.28866	-1.00316	1.03467	-1.75512	2.01184	-1.62255
4.14	0.293606	-1.00632	0.980943	-1.74853	1.97479	-1.67997
4.15	0.298123	-1.00675	0.926087	-1.74212	1.93798	-1.7383
4.16	0.299413	-1.00122	0.874273	-1.73905	1.89998	-1.79757
4.17	0.295864	-0.987841	0.82866	-1.74188	1.8594	-1.85764
4.18	0.287381	-0.966861	0.790619	-1.7519	1.81535	-1.91829
4.19	0.275252	-0.9409	0.759548	-1.76873	1.76777	-1.97937
4.2	0.26167	-0.914537	0.733259	-1.7904	1.7174	-2.04087
4.21	0.249065	-0.893254	0.708762	-1.81385	1.66557	-2.10301
4.22	0.23946	-0.882043	0.683196	-1.83591	1.61368	-2.16614
4.23	0.233998	-0.884079	0.654653	-1.85426	1.56278	-2.23064
4.24	0.232727	-0.899817	0.622677	-1.86822	1.51322	-2.29667
4.25	0.234678	-0.926786	0.588293	-1.87906	1.46453	-2.36408
4.26	0.238211	-0.960147	0.553572	-1.88972	1.41566	-2.43231
4.27	0.241502	-0.993877	0.520868	-1.904	1.36527	-2.50051
4.28	0.243029	-1.02227	0.492026	-1.92538	1.31228	-2.56783
4.29	0.241911	-1.04136	0.467806	-1.95575	1.25621	-2.63371
4.3	0.23801	-1.04987	0.447712	-1.99462	1.1973	-2.69815
4.31	0.231822	-1.04938	0.430224	-2.03901	1.13643	-2.76178
4.32	0.224224	-1.04381	0.413337	-2.08403	1.07479	-2.82565
4.33	0.216172	-1.03814	0.395227	-2.12417	1.01341	-2.89084
4.34	0.208414	-1.037	0.37484	-2.15479	0.952747	-2.95793
4.35	0.201311	-1.04337	0.352216	-2.17352	0.892498	-3.0265
4.36	0.194778	-1.05776	0.328433	-2.18098	0.831617	-3.0949
4.37	0.188381	-1.07823	0.305193	-2.18074	0.768668	-3.16028
4.38	0.181512	-1.101	0.284238	-2.17834	0.70228	-3.21909
4.39	0.173592	-1.12171	0.266796	-2.1796	0.631565	-3.26785
4.4	0.164224	-1.13674	0.253262	-2.18886	0.556355	-3.30404
4.41	0.153281	-1.14426	0.243156	-2.2076	0.477203	-3.3267
4.42	0.140917	-1.1447	0.235343	-2.23382	0.395155	-3.33676
4.43	0.127522	-1.1405	0.228406	-2.26264	0.311403	-3.33671
4.44	0.113622	-1.13519	0.221054	-2.28763	0.226932	-3.32991
4.45	0.0997459	-1.13214	0.212398	-2.30277	0.142329	-3.31955
4.46	0.0863008	-1.13341	0.201993	-2.30421	0.0578347	-3.30781
4.47	0.0734935	-1.139	0.18963	-2.29139	-0.026385	-3.2952
4.48	0.0613171	-1.14679	0.175029	-2.2671	-0.109911	-3.28064
4.49	0.0496039	-1.15317	0.157644	-2.23655	-0.191906	-3.26189
4.5	0.0381232	-1.15422	0.136671	-2.20577	-0.271202	-3.23639
4.51	0.0266933	-1.1469	0.111248	-2.17978	-0.346606	-3.20213
4.52	0.0152536	-1.13014	0.0807659	-2.16128	-0.417284	-3.1583
4.53	0.00385596	-1.10526	0.0451683	-2.1499	-0.483072	-3.10559
4.54	-0.00742958	-1.07574	0.00516383	-2.14253	-0.544614	-3.04605
4.55	-0.0186336	-1.0463	-0.0377611	-2.13433	-0.60328	-2.98262
4.56	-0.0299434	-1.02163	-0.0815965	-2.12032	-0.66086	-2.9184
4.57	-0.0416464	-1.00508	-0.124299	-2.09689	-0.719121	-2.85601
4.58	-0.0539788	-0.997645	-0.164371	-2.06298	-0.779355	-2.79709
4.59	-0.066952	-0.997747	-0.20132	-2.02043	-0.842068	-2.7421
4.6	-0.0802388	-1.00166	-0.235808	-1.97349	-0.906919	-2.69054
4.61	-0.0931787	-1.00461	-0.26945	-1.92774	-0.972924	-2.64123
4.62	-0.104919	-1.00222	-0.304301	-1.88858	-1.03885	-2.59285
4.63	-0.114669	-0.991848	-0.342197	-1.85985	-1.10366	-2.54441
4.64	-0.122005	-0.973443	-0.384124	-1.84288	-1.16691	-2.49555
4.65	-0.127123	-0.94968	-0.429814	-1.83634	-1.22887	-2.44658
4.66	-0.13091	-0.92531	-0.477731	-1.83684	-1.2905	-2.39829
4.67	-0.134778	-0.905917	-0.525505	-1.84006	-1.3531	-2.3516
4.68	-0.140277	-0.896446	-0.570721	-1.84209	-1.41784	-2.30718
4.69	-0.148616	-0.899906	-0.611793	-1.84049	-1.48526	-2.26521
4.7	-0.160264	-0.916598	-0.648609	-1.83479	-1.555	-2.22538
4.71	-0.174739	-0.944065	-0.68272	-1.82636	-1.62575	-2.18701
4.72	-0.190693	-0.977749	-0.716971	-1.81774	-1.69556	-2.14932
4.73	-0.206263	-1.01217	-0.754686	-1.81168	-1.76235	-2.11163
4.74	-0.219637	-1.04226	-0.798621	-1.81017	-1.82446	-2.07355
4.75	-0.229697	-1.06451	-0.849984	-1.81369	-1.88116	-2.03507
4.76	-0.236524	-1.0775	-0.907829	-1.82107	-1.93278	-1.99646
4.77	-0.241575	-1.08195	-0.969068	-1.8298	-1.98061	-1.95815
4.78	-0.247413	-1.08005	-1.02916	-1.83668	-2.02648	-1.92053
4.79	-0.257056	-1.07462	-1.08332	-1.83865	-2.07206	-1.88383
4.8	-0.273153	-1.06819	-1.12785	-1.83334	-2.11835	-1.84813
4.81	-0.297243	-1.06221	-1.1612	-1.81952	-2.16526	-1.81344
4.82	-0.329316	-1.05671	-1.18441	-1.79716	-2.2115	-1.77974
4.83	-0.367796	-1.0503	-1.20082	-1.76739	-2.25493	-1.74708
4.84	-0.409925	-1.04062	-1.21518	-1.73212	-2.293	-1.71549
4.85	-0.452463	-1.02506	-1.23233	-1.69367	-2.32355	-1.68498
4.86	-0.492493	-1.00157	-1.25594	-1.65417	-2.34537	-1.65552
4.87	-0.528137	-0.969375	-1.28743	-1.61512	-2.35867	-1.62703
4.88	-0.558973	-0.929222	-1.32566	-1.57708	-2.36518	-1.59946
4.89	-0.586043	-0.883307	-1.36721	-1.53968	-2.3679	-1.57281
4.9	-0.611446	-0.8347	-1.40733	-1.50191	-2.37046	-1.54716
4.91	-0.63762	-0.786547	-1.44131	-1.46256	-2.37634	-1.52267
4.92	-0.666523	-0.741265	-1.46582	-1.42077	-2.3881	-1.49957
4.93	-0.698969	-0.699955	-1.47995	-1.37643	-2.4068	-1.47805
4.94	-0.734333	-0.662211	-1.48548	-1.33043	-2.43181	-1.45819
4.95	-0.770749	-0.626369	-1.48646	-1.28462	-2.46105	-1.43984
4.96	-0.805723	-0.590106	-1.48811	-1.24146	-2.49157	-1.42264
4.97	-0.836985	-0.551233	-1.49534	-1.20332	-2.52035	-1.40607
4.98	-0.863258	-0.508434	-1.51152	-1.17182	-2.54508	-1.38968
4.99	-0.88471	-0.461729	-1.53754	-1.14721	-2.56471	-1.3732
5	-0.902932	-0.412511	-1.57171	-1.1282	-2.57963	-1.35667
5.01	-0.920468	-0.363173	-1.61026	-1.11223	-2.59148	-1.34043
5.02	-0.940013	-0.316432	-1.64836	-1.09612	-2.60261	-1.32501
5.03	-0.963511	-0.274616	-1.68146	-1.07686	-2.61536	-1.31098
5.04	-0.991432	-0.239091	-1.70648	-1.05235	-2.6314	-1.29876
5.05	-1.02244	-0.209973	-1.72254	-1.02193	-2.65121	-1.28853
5.06	-1.05361	-0.186181	-1.73115	-0.98645	-2.67396	-1.28011
5.07	-1.081	-0.165785	-1.73567	-0.94806	-2.69775	-1.27297
5.08	-1.10068	-0.146607	-1.74026	-0.90956	-2.7201	-1.26628
5.09	-1.10959	-0.126893	-1.74876	-0.873563	-2.73863	-1.25916
5.1	-1.10635	-0.105894	-1.76361	-0.841678	-2.75167	-1.25086
5.11	-1.09172	-0.0841409	-1.78515	-0.813987	-2.75861	-1.24102
5.12	-1.06853	-0.0633098	-1.8115	-0.789011	-2.76003	-1.22975
5.13	-1.04128	-0.0457244	-1.83904	-0.764178	-2.75738	-1.2176
5.14	-1.01515	-0.0336627	-1.86344	-0.736651	-2.7525	-1.20535
5.15	-0.994835	-0.0287105	-1.88096	-0.70423	-2.74696	-1.19376
5.16	-0.983425	-0.0313455	-1.88963	-0.666083	-2.7416	-1.18325
5.17	-0.981638	-0.0408467	-1.88999	-0.623065	-2.73628	-1.17374
5.18	-0.987699	-0.0555215	-1.88496	-0.577538	-2.73003	-1.16458
5.19	-0.997879	-0.0731754	-1.87912	-0.5327	-2.72144	-1.15473
5.2	-1.00759	-0.091692	-1.87729	-0.49163	-2.70925	-1.14319
5.21	-1.01271	-0.109547	-1.88318	-0.456365	-2.69287	-1.12934
5.22	-1.01079	-0.12609	-1.89822	-0.427319	-2.67271	-1.11334
5.23	-1.00172	-0.141521	-1.92115	-0.403228	-2.65013	-1.09623
5.24	-0.987699	-0.156611	-1.9484	-0.3816	-2.62716	-1.07981
5.25	-0.972481	-0.172332	-1.97518	-0.359492	-2.60587	-1.0662
5.26	-0.960204	-0.189511	-1.99689	-0.334383	-2.58783	-1.05728
5.27	-0.954143	-0.208605	-2.01038	-0.304914	-2.5737	-1.05413
5.28	-0.955804	-0.229622	-2.0147	-0.271295	-2.5631	-1.0566
5.29	-0.964573	-0.252196	-2.01109	-0.235253	-2.55477	-1.06322
5.3	-0.978006	-0.275749	-2.0025	-0.199558	-2.54693	-1.07148
5.31	-0.992595	-0.299669	-1.99256	-0.167301	-2.53769	-1.07842
5.32	-1.00475	-0.323411	-1.98459	-0.141183	-2.52545	-1.08127
5.33	-1.01166	-0.346489	-1.9807	-0.122995	-2.50921	-1.07812
5.34	-1.01189	-0.368403	-1.98131	-0.113351	-2.48874	-1.06832
5.35	-1.00548	-0.388596	-1.98515	-0.111649	-2.46463	-1.05267
5.36	-0.993755	-0.406489	-1.98961	-0.116208	-2.43806	-1.03325
5.37	-0.978844	-0.421583	-1.99143	-0.124564	-2.41059	-1.01302
5.38	-0.963084	-0.433575	-1.98741	-0.133906	-2.38381	-0.995279
5.39	-0.948419	-0.442432	-1.97512	-0.141599	-2.35907	-0.982971
5.4	-0.935944	-0.448409	-1.95344	-0.145689	-2.3373	-0.978118
5.41	-0.925681	-0.452044	-1.92278	-0.145276	-2.31885	-0.981415
5.42	-0.916656	-0.454124	-1.88512	-0.140643	-2.30343	-0.992104
5.43	-0.907241	-0.455659	-1.84368	-0.133128	-2.29014	-1.00815
5.44	-0.895676	-0.457823	-1.80233	-0.124776	-2.27759	-1.02669
5.45	-0.88062	-0.461858	-1.76487	-0.117901	-2.26416	-1.04458
5.46	-0.861578	-0.468932	-1.7343	-0.114632	-2.24836	-1.05906
5.47	-0.839094	-0.479996	-1.71227	-0.116546	-2.22915	-1.06824
5.48	-0.814678	-0.495681	-1.69877	-0.124387	-2.20619	-1.07148
5.49	-0.790482	-0.516257	-1.69227	-0.137914	-2.1799	-1.06947
5.5	-0.768835	-0.541634	-1.69003	-0.155913	-2.15132	-1.06411
5.51	-0.751715	-0.571386	-1.6888	-0.17639	-2.12192	-1.05816
5.52	-0.7403	-0.604751	-1.68544	-0.196947	-2.09324	-1.0547
5.53	-0.734686	-0.640648	-1.67752	-0.215266	-2.06659	-1.05654
5.54	-0.733853	-0.677721	-1.66373	-0.229602	-2.04285	-1.06566
5.55	-0.735856	-0.714437	-1.64394	-0.239161	-2.02235	-1.08286
5.56	-0.738211	-0.749221	-1.61904	-0.244284	-2.00477	-1.10758
5.57	-0.738353	-0.780595	-1.59069	-0.246408	-1.98932	-1.13801
5.58	-0.734048	-0.807317	-1.56089	-0.247809	-1.97477	-1.17144
5.59	-0.723675	-0.828485	-1.53164	-0.251177	-1.95974	-1.2048
5.6	-0.706344	-0.843644	-1.50468	-0.259078	-1.94296	-1.23521
5.61	-0.681896	-0.852864	-1.48128	-0.273441	-1.92344	-1.26053
5.62	-0.650824	-0.856764	-1.46204	-0.295153	-1.90075	-1.27973
5.63	-0.614188	-0.856456	-1.44688	-0.323896	-1.87505	-1.29315
5.64	-0.573542	-0.853426	-1.4349	-0.358226	-1.84705	-1.30236
5.65	-0.530831	-0.849367	-1.42455	-0.395875	-1.8179	-1.30993
5.66	-0.488229	-0.846035	-1.41377	-0.434175	-1.78892	-1.31891
5.67	-0.447883	-0.84511	-1.40035	-0.470542	-1.76138	-1.33228
5.68	-0.411571	-0.848062	-1.38242	-0.502946	-1.73626	-1.3524
5.69	-0.380373	-0.856009	-1.35885	-0.530302	-1.71406	-1.3805
5.7	-0.354453	-0.869579	-1.32961	-0.552695	-1.69474	-1.41646
5.71	-0.333037	-0.888837	-1.2958	-0.571368	-1.67772	-1.45885
5.72	-0.314597	-0.913261	-1.2595	-0.588472	-1.66196	-1.50517
5.73	-0.297183	-0.941794	-1.22332	-0.606619	-1.64614	-1.55238
5.74	-0.278816	-0.972905	-1.18987	-0.628373	-1.62892	-1.59745
5.75	-0.257846	-1.00468	-1.16124	-0.655768	-1.60919	-1.63797
5.76	-0.233194	-1.03493	-1.13854	-0.689947	-1.58633	-1.6726
5.77	-0.204485	-1.06136	-1.12176	-0.730966	-1.56033	-1.70129
5.78	-0.172063	-1.08177	-1.10975	-0.777768	-1.53179	-1.72536
5.79	-0.136918	-1.09436	-1.10047	-0.828353	-1.5018	-1.74717
5.8	-0.100524	-1.09796	-1.09131	-0.880106	-1.4717	-1.76974
5.81	-0.0645859	-1.09228	-1.07956	-0.930267	-1.44279	-1.79612
5.82	-0.0307294	-1.07799	-1.06294	-0.976457	-1.41613	-1.82882
5.83	-0.000165732	-1.05667	-1.03995	-1.01719	-1.39227	-1.86927
5.84	0.026565	-1.03062	-1.01027	-1.05224	-1.37124	-1.91752
5.85	0.0497048	-1.00254	-0.974774	-1.08276	-1.35247	-1.97219
5.86	0.0701924	-0.975217	-0.935382	-1.11117	-1.33494	-2.03077
5.87	0.0893909	-0.951157	-0.894644	-1.14065	-1.31729	-2.09008
5.88	0.108695	-0.932403	-0.85512	-1.17448	-1.2981	-2.14697
5.89	0.129124	-0.920407	-0.818725	-1.21535	-1.2762	-2.19891
5.9	0.151005	-0.916022	-0.786223	-1.26463	-1.2509	-2.24453
5.91	0.173856	-0.919555	-0.757007	-1.32208	-1.22216	-2.28387
5.92	0.196485	-0.930802	-0.729268	-1.38575	-1.19059	-2.3183
5.93	0.217297	-0.949024	-0.700486	-1.45252	-1.15729	-2.35022
5.94	0.234717	-0.972866	-0.668109	-1.51878	-1.12366	-2.3824
5.95	0.247617	-1.00026	-0.630244	-1.58145	-1.09105	-2.41744
5.96	0.255612	-1.02844	-0.58616	-1.63869	-1.06047	-2.45712
5.97	0.259125	-1.05408	-0.536476	-1.69036	-1.03243	-2.50215
5.98	0.259186	-1.07365	-0.482957	-1.738	-1.00677	-2.55207
5.99	0.25699	-1.08409	-0.427953	-1.78427	-0.982718	-2.60553
6	0.253383	-1.08344	-0.373638	-1.83202	-0.959141	-2.66072
6.01	0.248494	-1.07165	-0.321348	-1.88327	-0.93476	-2.71579
6.02	0.241694	-1.05109	-0.271292	-1.93834	-0.908443	-2.76924
6.03	0.231909	-1.02648	-0.222761	-1.99549	-0.87935	-2.82006
6.04	0.218121	-1.00422	-0.174702	-2.05127	-0.846944	-2.86771
6.05	0.199769	-0.990938	-0.126368	-2.10157	-0.810886	-2.9119
6.06	0.176911	-0.99191	-0.0777631	-2.14285	-0.770884	-2.95239
6.07	0.150141	-1.00957	-0.0297441	-2.17329	-0.726583	-2.98882
6.08	0.120374	-1.04274	0.0162326	-2.19326	-0.67757	-3.02069
6.09	0.0886033	-1.08672	0.0586067	-2.20521	-0.623495	-3.04748
6.1	0.0557202	-1.13433	0.0962624	-2.21275	-0.564263	-3.06885
6.11	0.0224236	-1.17756	0.128907	-2.21942	-0.500205	-3.08495
6.12	-0.0107183	-1.2094	0.157112	-2.22741	-0.43215	-3.09656
6.13	-0.043076	-1.22532	0.181986	-2.23674	-0.36134	-3.10515
6.14	-0.0737405	-1.22402	0.204622	-2.24511	-0.289201	-3.11269
6.15	-0.101433	-1.20739	0.225564	-2.24854	-0.217021	-3.12125
6.16	-0.124631	-1.17966	0.244512	-2.24259	-0.145626	-3.13243
6.17	-0.141884	-1.14614	0.260368	-2.22384	-0.0751912	-3.14677
6.18	-0.152177	-1.11195	0.271631	-2.19115	-0.00526977	-3.16331
6.19	-0.15521	-1.08096	0.276997	-2.14649	0.0649201	-3.17939
6.2	-0.151494	-1.05524	0.275967	-2.09484	0.136059	-3.1909
6.21	-0.142226	-1.03509	0.269204	-2.04324	0.20833	-3.19308
6.22	-0.128984	-1.01959	0.258454	-1.99911	0.281239	-3.18153
6.23	-0.113324	-1.00741	0.246061	-1.96843	0.35374	-3.15334
6.24	-0.0964437	-0.99753	0.234251	-1.95414	0.424607	-3.10796
6.25	-0.079006	-0.989842	0.224464	-1.95542	0.49293	-3.04748
6.26	-0.0611802	-0.985143	0.21693	-1.96804	0.558568	-2.97624
6.27	-0.0428402	-0.984716	0.210609	-1.98566	0.622411	-2.89985
6.28	-0.0238076	-0.989564	0.203511	-2.00191	0.68628	-2.82378
6.29	-0.00404211	-0.999653	0.193399	-2.01236	0.752403	-2.75208
6.3	0.016281	-1.01349	0.178725	-2.01579	0.822518	-2.68652
6.31	0.0368218	-1.02829	0.159487	-2.01419	0.896942	-2.62657
6.32	0.0572169	-1.04065	0.137607	-2.01165	0.974038	-2.57012
6.33	0.0772184	-1.04761	0.11666	-2.01259	1.05036	-2.51443
6.34	0.0967318	-1.04767	0.10113	-2.0201	1.12139	-2.45716
6.35	0.115743	-1.04131	0.0954611	-2.03498	1.1826	-2.39685
6.36	0.134226	-1.03092	0.103144	-2.05554	1.23047	-2.33318
6.37	0.152135	-1.02015	0.125923	-2.07821	1.26332	-2.2668
6.38	0.169471	-1.01284	0.163294	-2.09866	1.28168	-2.19892
6.39	0.186338	-1.01197	0.212435	-2.11303	1.28826	-2.1308
6.4	0.202902	-1.01878	0.268672	-2.11894	1.28749	-2.06336
6.41	0.219249	-1.03242	0.326387	-2.1161	1.28466	-1.9968
6.42	0.235227	-1.05011	0.380181	-2.1062	1.28494	-1.93066
6.43	0.250363	-1.06782	0.425949	-2.09234	1.29241	-1.86399
6.44	0.263945	-1.08117	0.461626	-2.07803	1.30934	-1.79576
6.45	0.275231	-1.08658	0.48743	-2.066	1.3358	-1.72538
6.46	0.283719	-1.08202	0.505598	-2.05734	1.3698	-1.65306
6.47	0.289344	-1.06755	0.519745	-2.05105	1.40774	-1.58002
6.48	0.292539	-1.04521	0.53403	-2.0442	1.44526	-1.50833
6.49	0.294146	-1.01847	0.552298	-2.03275	1.47813	-1.44046
6.5	0.295235	-0.99131	0.577338	-2.01281	1.50309	-1.37868
6.51	0.296868	-0.96724	0.610397	-1.98182	1.51849	-1.32443
6.52	0.29986	-0.948483	0.651032	-1.93951	1.52458	-1.27787
6.53	0.304568	-0.935643	0.697334	-1.88813	1.5234	-1.23774
6.54	0.310775	-0.927867	0.74645	-1.83208	1.51836	-1.20157
6.55	0.317733	-0.923408	0.79526	-1.77685	1.51354	-1.16614
6.56	0.32439	-0.920373	0.841037	-1.7279	1.5128	-1.12813
6.57	0.329734	-0.917358	0.881942	-1.6895	1.51905	-1.08479
6.58	0.333156	-0.913826	0.917302	-1.66394	1.53363	-1.03447
6.59	0.334664	-0.910154	0.947623	-1.65109	1.5561	-0.977096
6.6	0.33489	-0.907446	0.974388	-1.64847	1.58445	-0.914306
6.61	0.334895	-0.907162	0.999672	-1.65163	1.61562	-0.849283
6.62	0.33585	-0.910658	1.02572	-1.655	1.64618	-0.786201
6.63	0.338694	-0.918734	1.05453	-1.6531	1.67305	-0.729393
6.64	0.343867	-0.931296	1.08757	-1.64166	1.69405	-0.682417
6.65	0.351194	-0.947264	1.12553	-1.61852	1.7082	-0.647266
6.66	0.359952	-0.96478	1.16818	-1.58397	1.71584	-0.623899
6.67	0.369139	-0.981644	1.21436	-1.54059	1.71848	-0.61019
6.68	0.377859	-0.995811	1.26201	-1.49253	1.71843	-0.602306
6.69	0.385695	-1.00574	1.30835	-1.44467	1.71829	-0.595414
6.7	0.392897	-1.01054	1.35031	-1.40171	1.72045	-0.584609
6.71	0.400287	-1.00988	1.38509	-1.36738	1.7266	-0.565867
6.72	0.408932	-1.00388	1.41066	-1.34367	1.73754	-0.536858
6.73	0.419751	-0.992999	1.42629	-1.3305	1.75313	-0.497443
6.74	0.43321	-0.977891	1.43258	-1.32568	1.7724	-0.449726
6.75	0.449204	-0.959312	1.43145	-1.32532	1.79375	-0.397642
6.76	0.467114	-0.938003	1.42579	-1.32467	1.81523	-0.346177
6.77	0.485987	-0.914619	1.41894	-1.3191	1.83482	-0.300381
6.78	0.504757	-0.889717	1.41416	-1.30503	1.85078	-0.264393
6.79	0.522441	-0.863803	1.4141	-1.28068	1.86201	-0.240652
6.8	0.538314	-0.837434	1.42036	-1.24638	1.86826	-0.229458
6.81	0.552037	-0.811312	1.43327	-1.20448	1.87027	-0.228926
6.82	0.563745	-0.786336	1.45192	-1.15892	1.86962	-0.235365
6.83	0.574054	-0.763566	1.47438	-1.11455	1.86844	-0.243964
6.84	0.583957	-0.744086	1.49816	-1.07621	1.86899	-0.249692
6.85	0.59459	-0.728818	1.52084	-1.04796	1.87319	-0.248226
6.86	0.606938	-0.718349	1.54065	-1.03235	1.88222	-0.236762
6.87	0.621555	-0.712802	1.55692	-1.02996	1.89627	-0.214555
6.88	0.638412	-0.711811	1.57014	-1.03921	1.9146	-0.183084
6.89	0.656914	-0.714567	1.5818	-1.05666	1.93569	-0.145801
6.9	0.67606	-0.719945	1.59394	-1.07757	1.95761	-0.107494
6.91	0.69469	-0.726678	1.60858	-1.09677	1.97835	-0.0733907
6.92	0.711734	-0.733536	1.62729	-1.10954	1.99626	-0.0481627
6.93	0.726406	-0.73948	1.65071	-1.11254	2.01033	-0.0350332
6.94	0.738344	-0.743759	1.67845	-1.10435	2.02031	-0.0351475
6.95	0.747672	-0.745932	1.70904	-1.08579	2.02673	-0.0473351
6.96	0.754978	-0.745824	1.74015	-1.05975	2.03072	-0.0683105
6.97	0.761203	-0.743445	1.76895	-1.03068	2.0338	-0.0932816
6.98	0.767406	-0.738883	1.79256	-1.00368	2.03752	-0.116858
6.99	0.77447	-0.732231	1.80859	-0.983548	2.04328	-0.13409
7	0.782814	-0.723541	1.81553	-0.973771	2.05206	-0.141434
7.01	0.792226	-0.712818	1.81305	-0.975826	2.06437	-0.137456
7.02	0.801894	-0.700027	1.80204	-0.988886	2.08007	-0.123106
7.03	0.810655	-0.685127	1.78453	-1.01002	2.09837	-0.101532
7.04	0.817369	-0.668123	1.76329	-1.03479	2.1178	-0.077442
7.05	0.821306	-0.649165	1.74133	-1.05814	2.13649	-0.0561842
7.06	0.822372	-0.628635	1.72138	-1.07536	2.15243	-0.042715
7.07	0.821122	-0.607185	1.70538	-1.08292	2.16399	-0.0406649
7.08	0.818573	-0.585662	1.69433	-1.07917	2.17022	-0.0516688
7.09	0.815919	-0.564964	1.68812	-1.06474	2.17118	-0.0750859
7.1	0.814256	-0.545871	1.6857	-1.04237	2.16795	-0.108161
7.11	0.81437	-0.528922	1.68527	-1.0165	2.16253	-0.146594
7.12	0.816623	-0.514358	1.68463	-0.992325	2.15752	-0.185413
7.13	0.820924	-0.50213	1.68167	-0.974841	2.15569	-0.219962
7.14	0.826794	-0.491933	1.67476	-0.96792	2.15939	-0.246791
7.15	0.833511	-0.483284	1.66328	-0.973662	2.17004	-0.264271
7.16	0.840342	-0.475624	1.64777	-0.99213	2.18774	-0.272802
7.17	0.846798	-0.468469	1.62994	-1.02142	2.21113	-0.27464
7.18	0.852848	-0.461582	1.61224	-1.05804	2.23762	-0.273402
7.19	0.858956	-0.455109	1.59736	-1.0974	2.26389	-0.27338
7.2	0.865933	-0.449598	1.58764	-1.13463	2.28656	-0.278756
7.21	0.87462	-0.445836	1.58462	-1.16544	2.30292	-0.292843
7.22	0.885543	-0.444564	1.5888	-1.18697	2.31141	-0.317464
7.23	0.898648	-0.446173	1.59947	-1.19842	2.31197	-0.352608
7.24	0.913209	-0.450525	1.6148	-1.2012	2.30605	-0.396433
7.25	0.927911	-0.456964	1.63207	-1.19864	2.29637	-0.445643
7.26	0.941093	-0.464499	1.64803	-1.19511	2.28648	-0.496158
7.27	0.951086	-0.472081	1.65936	-1.19504	2.28004	-0.543952
7.28	0.956552	-0.478873	1.66315	-1.20189	2.28022	-0.585857
7.29	0.956746	-0.484447	1.65748	-1.21743	2.28903	-0.620172
7.3	0.951636	-0.488884	1.64176	-1.24139	2.30685	-0.646931
7.31	0.941871	-0.492771	1.61698	-1.27158	2.33227	-0.667809
7.32	0.928595	-0.497094	1.58562	-1.30438	2.36228	-0.685703
7.33	0.913178	-0.503031	1.55126	-1.3355	2.39274	-0.704108
7.34	0.896914	-0.51167	1.51803	-1.3609	2.41917	-0.726408
7.35	0.880758	-0.523718	1.48982	-1.37767	2.43761	-0.755234
7.36	0.865172	-0.539286	1.46954	-1.38462	2.44534	-0.792011
7.37	0.850091	-0.557856	1.4586	-1.38247	2.44154	-0.836779
7.38	0.835015	-0.578439	1.45656	-1.37351	2.42738	-0.888325
7.39	0.819212	-0.599876	1.46119	-1.36102	2.40596	-0.944591
7.4	0.80196	-0.621171	1.46887	-1.34834	2.38172	-1.00324
7.41	0.782764	-0.641702	1.47524	-1.33816	2.35962	-1.06222
7.42	0.76144	-0.661255	1.47618	-1.33211	2.34417	-1.12026
7.43	0.738061	-0.679909	1.46876	-1.3307	2.3385	-1.17697
7.44	0.712801	-0.697871	1.45212	-1.33366	2.3437	-1.23272
7.45	0.685803	-0.715352	1.42774	-1.34044	2.35855	-1.28828
7.46	0.657155	-0.732563	1.39923	-1.3506	2.3798	-1.34433
7.47	0.626997	-0.749811	1.37142	-1.364	2.4029	-1.40123
7.48	0.595706	-0.767655	1.3492	-1.3807	2.42298	-1.4589
7.49	0.564062	-0.787008	1.33626	-1.40063	2.43582	-1.51697
7.5	0.5333	-0.809103	1.33421	-1.42336	2.43867	-1.57494
7.51	0.50502	-0.83525	1.34216	-1.44793	2.43066	-1.63239
7.52	0.480934	-0.866417	1.35693	-1.47295	2.41279	-1.68918
7.53	0.462494	-0.902759	1.37384	-1.49681	2.38749	-1.74549
7.54	0.450489	-0.943239	1.3879	-1.51801	2.3579	-1.80178
7.55	0.444703	-0.985505	1.39502	-1.53547	2.32706	-1.85876
7.56	0.443774	-1.02608	1.39303	-1.54878	2.29713	-1.91709
7.57	0.44533	-1.06086	1.3821	-1.55837	2.26904	-1.97716
7.58	0.44645	-1.0858	1.3644	-1.56543	2.24242	-2.03887
7.59	0.444367	-1.09768	1.34333	-1.57175	2.21588	-2.10154
7.6	0.43724	-1.09475	1.32229	-1.57928	2.18759	-2.16406
7.61	0.424767	-1.0772	1.30365	-1.58962	2.15576	-2.22511
7.62	0.408434	-1.04734	1.28805	-1.60351	2.11907	-2.28348
7.63	0.391274	-1.00946	1.27437	-1.62056	2.07684	-2.33827
7.64	0.377193	-0.969177	1.26023	-1.63931	2.02901	-2.38904
7.65	0.370036	-0.932488	1.24291	-1.65766	1.97593	-2.43568
7.66	0.37267	-0.904558	1.22034	-1.67365	1.9181	-2.47828
7.67	0.386297	-0.888584	1.19176	-1.68623	1.85596	-2.51691
7.68	0.410158	-0.885066	1.15802	-1.69578	1.78982	-2.55153
7.69	0.441699	-0.89171	1.12125	-1.70414	1.71992	-2.58202
7.7	0.477169	-0.904013	1.08411	-1.71415	1.64656	-2.60845
7.71	0.512521	-0.916404	1.04892	-1.72865	1.57029	-2.63126
7.72	0.544339	-0.923648	1.0169	-1.7495	1.49199	-2.65159
7.73	0.570512	-0.922144	0.987869	-1.77664	1.4128	-2.67135
7.74	0.590441	-0.910775	0.960432	-1.80777	1.33396	-2.69299
7.75	0.604785	-0.891034	0.932679	-1.83881	1.25653	-2.71908
7.76	0.614943	-0.866431	0.902915	-1.86495	1.18107	-2.75165
7.77	0.622488	-0.841382	0.870216	-1.88214	1.10757	-2.79146
7.78	0.628728	-0.819998	0.834583	-1.88851	1.03552	-2.83757
7.79	0.634449	-0.805131	0.79675	-1.88507	0.96409	-2.88717
7.8	0.639856	-0.797945	0.75778	-1.87558	0.89247	-2.93597
7.81	0.644672	-0.798047	0.718654	-1.86563	0.820085	-2.97901
7.82	0.648314	-0.804059	0.679982	-1.86101	0.746731	-3.01165
7.83	0.65006	-0.814365	0.641927	-1.86611	0.672562	-3.03061
7.84	0.649142	-0.827774	0.604324	-1.8826	0.597977	-3.03473
7.85	0.644773	-0.84385	0.566927	-1.90892	0.523438	-3.02519
7.86	0.636142	-0.862824	0.529669	-1.94069	0.449273	-3.00531
7.87	0.622442	-0.885144	0.492814	-1.97194	0.375516	-2.97975
7.88	0.602958	-0.910835	0.456956	-1.9967	0.301844	-2.95351
7.89	0.5772	-0.938925	0.42282	-2.01073	0.227659	-2.93084
7.9	0.545028	-0.967183	0.390964	-2.01261	0.152308	-2.91443
7.91	0.506732	-0.992302	0.361472	-2.0041	0.07538	-2.90497
7.92	0.463005	-1.01057	0.333796	-1.9895	-0.00304259	-2.90137
7.93	0.414825	-1.01888	0.306854	-1.97442	-0.0823079	-2.90125
7.94	0.363295	-1.01575	0.279309	-1.96411	-0.161329	-2.9017
7.95	0.309512	-1.00214	0.249905	-1.96209	-0.23887	-2.90012
7.96	0.254491	-0.981617	0.217717	-1.96924	-0.31386	-2.89469
7.97	0.199102	-0.959787	0.182255	-1.98385	-0.385648	-2.88469
7.98	0.143987	-0.943096	0.143476	-2.00235	-0.45411	-2.87036
7.99	0.0894663	-0.937231	0.10172	-2.02055	-0.519609	-2.85266
8	0.0355374	-0.945595	0.0575966	-2.03495	-0.582832	-2.83284
8.01	-0.0179995	-0.968294	0.0118357	-2.04377	-0.644584	-2.81212
8.02	-0.0713144	-1.00193	-0.034853	-2.04729	-0.705598	-2.79149
8.03	-0.124342	-1.04032	-0.0818567	-2.04762	-0.766437	-2.77164
8.04	-0.176685	-1.07587	-0.128667	-2.04781	-0.827494	-2.75299
8.05	-0.227648	-1.10136	-0.174848	-2.05084	-0.889054	-2.73582
8.06	-0.276352	-1.1116	-0.22003	-2.05851	-0.95137	-2.72035
8.07	-0.321887	-1.10455	-0.263942	-2.07084	-1.01469	-2.70676
8.08	-0.363483	-1.08168	-0.306512	-2.08586	-1.07918	-2.69514
8.09	-0.400661	-1.04751	-0.347957	-2.1001	-1.14484	-2.68543
8.1	-0.43334	-1.00845	-0.388874	-2.10936	-1.21127	-2.67728
8.11	-0.46183	-0.971232	-0.430244	-2.10973	-1.27762	-2.67008
8.12	-0.486711	-0.94142	-0.47337	-2.09862	-1.34255	-2.66293
8.13	-0.508615	-0.922203	-0.519702	-2.07533	-1.40442	-2.65476
8.14	-0.528002	-0.91388	-0.570622	-2.04139	-1.46155	-2.64444
8.15	-0.544982	-0.91404	-0.627208	-2.00015	-1.51257	-2.63093
8.16	-0.559244	-0.9184	-0.690053	-1.95602	-1.55674	-2.61349
8.17	-0.570116	-0.922085	-0.759142	-1.91325	-1.59416	-2.59192
8.18	-0.576797	-0.921031	-0.833752	-1.87474	-1.62592	-2.56675
8.19	-0.578757	-0.91311	-0.912354	-1.84111	-1.65392	-2.53936
8.2	-0.576207	-0.898616	-0.992582	-1.8105	-1.68057	-2.51177
8.21	-0.57039	-0.879971	-1.07143	-1.77923	-1.70831	-2.48637
8.22	-0.563478	-0.860777	-1.14579	-1.74305	-1.739	-2.46532
8.23	-0.558037	-0.844612	-1.21325	-1.69864	-1.7735	-2.44992
8.24	-0.556289	-0.834005	-1.27279	-1.64488	-1.81146	-2.44008
8.25	-0.55948	-0.829876	-1.32509	-1.58335	-1.85145	-2.4341
8.26	-0.567605	-0.831565	-1.37237	-1.51799	-1.89138	-2.42883
8.27	-0.579592	-0.837328	-1.4176	-1.454	-1.92903	-2.42038
8.28	-0.593847	-0.845042	-1.46363	-1.39643	-1.96251	-2.40494
8.29	-0.608951	-0.852812	-1.51221	-1.34882	-1.9907	-2.37972
8.3	-0.624216	-0.85929	-1.56335	-1.31244	-2.01338	-2.34364
8.31	-0.639891	-0.863683	-1.61528	-1.28609	-2.03124	-2.29757
8.32	-0.656936	-0.865565	-1.66485	-1.26655	-2.04563	-2.24414
8.33	-0.676492	-0.864624	-1.70847	-1.24939	-2.05823	-2.18723
8.34	-0.699246	-0.860423	-1.74296	-1.22999	-2.07071	-2.13107
8.35	-0.724911	-0.852263	-1.7664	-1.20458	-2.08447	-2.07941
8.36	-0.751997	-0.839179	-1.77853	-1.17102	-2.10045	-2.03477
8.37	-0.777963	-0.8201	-1.78081	-1.12923	-2.11899	-1.99797
8.38	-0.799733	-0.794136	-1.77614	-1.08103	-2.13983	-1.96807
8.39	-0.814477	-0.760915	-1.76821	-1.02965	-2.16211	-1.94276
8.4	-0.820449	-0.720848	-1.76071	-0.978911	-2.18458	-1.91893
8.41	-0.817657	-0.675244	-1.75649	-0.932386	-2.20582	-1.89341
8.42	-0.808147	-0.626225	-1.75694	-0.892662	-2.2246	-1.86367
8.43	-0.795779	-0.576474	-1.76175	-0.860883	-2.24019	-1.82827
8.44	-0.785492	-0.52884	-1.76919	-0.836621	-2.25243	-1.78707
8.45	-0.782214	-0.485852	-1.77672	-0.818113	-2.2618	-1.7412
8.46	-0.789659	-0.449242	-1.78189	-0.802827	-2.26925	-1.69262
8.47	-0.809324	-0.419569	-1.78313	-0.788192	-2.27601	-1.64371
8.48	-0.83997	-0.396088	-1.78032	-0.772291	-2.28336	-1.59674
8.49	-0.877755	-0.376902	-1.77488	-0.754301	-2.29241	-1.55348
8.5	-0.917045	-0.359385	-1.76944	-0.734538	-2.30396	-1.51505
8.51	-0.95171	-0.34076	-1.76713	-0.714133	-2.31848	-1.48194
8.52	-0.976577	-0.318729	-1.77067	-0.694446	-2.33615	-1.45421
8.53	-0.988669	-0.29199	-1.78155	-0.676462	-2.35696	-1.4317
8.54	-0.987912	-0.260514	-1.7996	-0.660369	-2.38083	-1.41419
8.55	-0.977131	-0.225499	-1.8229	-0.645483	-2.40761	-1.40144
8.56	-0.961364	-0.189005	-1.84838	-0.630538	-2.43704	-1.39311
8.57	-0.946642	-0.153391	-1.87261	-0.614239	-2.46861	-1.38853
8.58	-0.938562	-0.120747	-1.89276	-0.59586	-2.50146	-1.38661
8.59	-0.941007	-0.0924648	-1.90737	-0.575667	-2.53436	-1.38571
8.6	-0.955314	-0.0690741	-1.91672	-0.555017	-2.56572	-1.38384
8.61	-0.980109	-0.0503008	-1.92269	-0.536088	-2.59389	-1.37888
8.62	-1.01179	-0.0353095	-1.92812	-0.521306	-2.61738	-1.36905
8.63	-1.04551	-0.0230346	-1.93583	-0.512642	-2.63525	-1.3533
8.64	-1.07634	-0.0125312	-1.94764	-0.51096	-2.64741	-1.33166
8.65	-1.10031	-0.00327534	-1.96368	-0.51562	-2.65472	-1.3053
8.66	-1.11509	0.00466513	-1.98221	-0.524461	-2.65894	-1.27636
8.67	-1.12012	0.0106537	-1.99998	-0.53423	-2.66242	-1.24753
8.68	-1.11634	0.0137117	-2.01309	-0.541372	-2.66757	-1.22144
8.69	-1.10563	0.0128739	-2.01804	-0.542977	-2.67635	-1.20006
8.7	-1.09009	0.00753776	-2.01279	-0.53759	-2.68972	-1.18424
8.71	-1.07153	-0.00232579	-1.99738	-0.525613	-2.70734	-1.17348
8.72	-1.05119	-0.0161736	-1.97405	-0.509192	-2.72755	-1.16611
8.73	-1.02972	-0.033089	-1.94684	-0.491621	-2.74766	-1.1597
8.74	-1.00755	-0.0520916	-1.92054	-0.476473	-2.76455	-1.15164
8.75	-0.98526	-0.0724378	-1.8995	-0.466715	-2.77539	-1.13976
8.76	-0.963955	-0.0938088	-1.88653	-0.464058	-2.77834	-1.12282
8.77	-0.94535	-0.116339	-1.88222	-0.468671	-2.77297	-1.10071
8.78	-0.931502	-0.140494	-1.88487	-0.479302	-2.76046	-1.07448
8.79	-0.924252	-0.166847	-1.89108	-0.493736	-2.74332	-1.04604
8.8	-0.924524	-0.195813	-1.89679	-0.509438	-2.72493	-1.0177
8.81	-0.931741	-0.227415	-1.89845	-0.524215	-2.7088	-0.991671
8.82	-0.94358	-0.261161	-1.89402	-0.536713	-2.69798	-0.969629
8.83	-0.956204	-0.296079	-1.88349	-0.546613	-2.69444	-0.952468
8.84	-0.964981	-0.33094	-1.86881	-0.554495	-2.6989	-0.940288
8.85	-0.96553	-0.364591	-1.85322	-0.561457	-2.71076	-0.932563
8.86	-0.954836	-0.396311	-1.84023	-0.568677	-2.72852	-0.928404
8.87	-0.932121	-0.426043	-1.83254	-0.577068	-2.75013	-0.926819
8.88	-0.899206	-0.454442	-1.83122	-0.587132	-2.77351	-0.926914
8.89	-0.860212	-0.482738	-1.8354	-0.599	-2.79686	-0.927993
8.9	-0.820665	-0.512445	-1.84268	-0.612574	-2.81877	-0.929576
8.91	-0.786233	-0.544981	-1.84984	-0.627709	-2.83825	-0.931355
8.92	-0.761441	-0.581254	-1.8539	-0.644356	-2.85448	-0.933125
8.93	-0.748703	-0.621323	-1.85298	-0.662631	-2.86671	-0.934731
8.94	-0.747893	-0.664236	-1.84681	-0.682791	-2.87414	-0.936041
8.95	-0.756495	-0.708103	-1.83666	-0.705124	-2.87597	-0.936963
8.96	-0.770268	-0.750397	-1.82488	-0.729813	-2.87158	-0.937487
8.97	-0.784208	-0.788359	-1.814	-0.756834	-2.86079	-0.937723
8.98	-0.793616	-0.819411	-1.80584	-0.785953	-2.84407	-0.937904
8.99	-0.795013	-0.841499	-1.80081	-0.816809	-2.82267	-0.938359
9	-0.786743	-0.853348	-1.79766	-0.849027	-2.79848	-0.939434
9.01	-0.769154	-0.854643	-1.79369	-0.882297	-2.77379	-0.941407
9.02	-0.744351	-0.846132	-1.78547	-0.916374	-2.75072	-0.944429
9.03	-0.715606	-0.82959	-1.76981	-0.951018	-2.73079	-0.948505
9.04	-0.686592	-0.807615	-1.74469	-0.985921	-2.7144	-0.953557
9.05	-0.660637	-0.783255	-1.70998	-1.02067	-2.70065	-0.959528
9.06	-0.640169	-0.759531	-1.6676	-1.05477	-2.68741	-0.966484
9.07	-0.626455	-0.738978	-1.62119	-1.0878	-2.67177	-0.974665
9.08	-0.619631	-0.72332	-1.57525	-1.1195	-2.65065	-0.984444
9.09	-0.618948	-0.713344	-1.53412	-1.1499	-2.62154	-0.99622
9.1	-0.62312	-0.70898	-1.50093	-1.17939	-2.58315	-1.01029
9.11	-0.630655	-0.709529	-1.47694	-1.20863	-2.5358	-1.02674
9.12	-0.640105	-0.713935	-1.46127	-1.23852	-2.4815	-1.04533
9.13	-0.65021	-0.721021	-1.45121	-1.27007	-2.42365	-1.06555
9.14	-0.659938	-0.72965	-1.44284	-1.30437	-2.36641	-1.08657
9.15	-0.668481	-0.738795	-1.43201	-1.3425	-2.31391	-1.10738
9.16	-0.675235	-0.747594	-1.41522	-1.38544	-2.26942	-1.12698
9.17	-0.679819	-0.755398	-1.39036	-1.43381	-2.23472	-1.14458
9.18	-0.682136	-0.761877	-1.35707	-1.48759	-2.20968	-1.15986
9.19	-0.68243	-0.767148	-1.31665	-1.5458	-2.19232	-1.17324
9.2	-0.681272	-0.771884	-1.27169	-1.60624	-2.17919	-1.18589
9.21	-0.679427	-0.777286	-1.22547	-1.66568	-2.16605	-1.1996
9.22	-0.677602	-0.784846	-1.18132	-1.72029	-2.14868	-1.21644
9.23	-0.676185	-0.795917	-1.14194	-1.76651	-2.12366	-1.23826
9.24	-0.675052	-0.8112	-1.10897	-1.80186	-2.08902	-1.26623
9.25	-0.673524	-0.830356	-1.08257	-1.82568	-2.04464	-1.30048
9.26	-0.670463	-0.851908	-1.06133	-1.8393	-1.99225	-1.34007
9.27	-0.66449	-0.873493	-1.04255	-1.84573	-1.93517	-1.38318
9.28	-0.654269	-0.892413	-1.02261	-1.84883	-1.87765	-1.42754
9.29	-0.638803	-0.906307	-0.997717	-1.85238	-1.82415	-1.47097
9.3	-0.617687	-0.913765	-0.964564	-1.85912	-1.77842	-1.51187
9.31	-0.591232	-0.91472	-0.921032	-1.87023	-1.74274	-1.54948
9.32	-0.560413	-0.910511	-0.866682	-1.88521	-1.71748	-1.584
9.33	-0.526649	-0.90364	-0.802983	-1.90213	-1.70092	-1.61636
9.34	-0.491472	-0.897243	-0.733177	-1.91832	-1.68954	-1.64798
9.35	-0.456198	-0.894389	-0.661771	-1.93106	-1.67867	-1.68034
9.36	-0.421703	-0.897362	-0.593721	-1.93846	-1.66339	-1.71468
9.37	-0.388345	-0.907082	-0.533478	-1.93992	-1.63943	-1.75173
9.38	-0.356025	-0.922851	-0.484106	-1.93644	-1.604	-1.79168
9.39	-0.324327	-0.942502	-0.446686	-1.93034	-1.55635	-1.83418
9.4	-0.292674	-0.962952	-0.420146	-1.92466	-1.49788	-1.87866
9.41	-0.26047	-0.981009	-0.401509	-1.92233	-1.4319	-1.92453
9.42	-0.227229	-0.99421	-0.38648	-1.92535	-1.36299	-1.97149
9.43	-0.1927	-1.00144	-0.370229	-1.93428	-1.29619	-2.01965
9.44	-0.156935	-1.00311	-0.348244	-1.94819	-1.236	-2.0695
9.45	-0.120265	-1.00094	-0.317156	-1.96507	-1.18558	-2.12171
9.46	-0.0831671	-0.997384	-0.275415	-1.98253	-1.14613	-2.17688
9.47	-0.0460836	-0.994926	-0.223661	-1.99852	-1.11666	-2.23521
9.48	-0.00929856	-0.995466	-0.164649	-2.012	-1.09416	-2.29628
9.49	0.0270843	-0.999946	-0.102729	-2.02316	-1.07417	-2.359
9.5	0.0630667	-1.00826	-0.0429579	-2.03326	-1.05164	-2.42172
9.51	0.0986404	-1.01943	0.00992212	-2.0442	-1.02191	-2.48256
9.52	0.133691	-1.03202	0.0524289	-2.05779	-0.981547	-2.5398
9.53	0.167944	-1.04455	0.0829965	-2.07506	-0.928997	-2.59232
9.54	0.200953	-1.05589	0.102229	-2.09571	-0.864808	-2.63989
9.55	0.232103	-1.06543	0.1127	-2.11791	-0.791411	-2.68333
9.56	0.260638	-1.07307	0.118322	-2.13852	-0.712477	-2.72441
9.57	0.28573	-1.07894	0.123383	-2.1537	-0.631994	-2.76556
9.58	0.306605	-1.08303	0.131458	-2.15986	-0.553264	-2.8093
9.59	0.322686	-1.08481	0.144512	-2.15478	-0.478112	-2.85752
9.6	0.333718	-1.08317	0.162537	-2.1385	-0.406596	-2.91078
9.61	0.339796	-1.07661	0.183848	-2.11375	-0.337284	-2.96777
9.62	0.341318	-1.06379	0.205899	-2.08549	-0.267971	-3.02535
9.63	0.338882	-1.04425	0.226218	-2.0597	-0.196483	-3.07917
9.64	0.333203	-1.01905	0.243113	-2.0417	-0.121291	-3.12463
9.65	0.32506	-0.991076	0.255967	-2.03472	-0.041804	-3.15802
9.66	0.315272	-0.964815	0.26514	-2.03899	0.0416608	-3.17727
9.67	0.304634	-0.945532	0.271628	-2.05186	0.128142	-3.18229
9.68	0.293809	-0.938069	0.276616	-2.06876	0.216418	-3.17478
9.69	0.283192	-0.945527	0.281095	-2.08462	0.305389	-3.15758
9.7	0.272818	-0.968227	0.285647	-2.09552	0.394313	-3.13392
9.71	0.262348	-1.00328	0.290457	-2.0998	0.482851	-3.1066
9.72	0.251149	-1.04493	0.295514	-2.09843	0.570925	-3.07751
9.73	0.238438	-1.08571	0.300887	-2.0945	0.658492	-3.04753
9.74	0.223451	-1.11812	0.306903	-2.09199	0.745376	-3.01676
9.75	0.205625	-1.13638	0.314133	-2.09432	0.831224	-2.98484
9.76	0.184787	-1.13787	0.323194	-2.1031	0.915579	-2.95138
9.77	0.161321	-1.12377	0.334468	-2.11754	0.997957	-2.9161
9.78	0.13623	-1.09877	0.347925	-2.13467	1.07788	-2.87887
9.79	0.11104	-1.0699	0.36318	-2.15016	1.15476	-2.83955
9.8	0.0875232	-1.04478	0.379786	-2.15954	1.22779	-2.79789
9.81	0.0673476	-1.0298	0.397598	-2.15936	1.29583	-2.7535
9.82	0.0517475	-1.02861	0.417035	-2.14803	1.35742	-2.70584
9.83	0.0413029	-1.04135	0.4391	-2.12609	1.41106	-2.65446
9.84	0.0358504	-1.06477	0.465139	-2.09591	1.45556	-2.59908
9.85	0.0345303	-1.09317	0.496416	-2.06094	1.49046	-2.53977
9.86	0.0359818	-1.11991	0.533599	-2.02462	1.51639	-2.4771
9.87	0.0386935	-1.13898	0.57627	-1.9894	1.53517	-2.4121
9.88	0.0414525	-1.1463	0.62261	-1.95612	1.54978	-2.3462
9.89	0.0437316	-1.14032	0.669419	-1.92401	1.56388	-2.28102
9.9	0.045826	-1.12192	0.712627	-1.89123	1.58123	-2.21808
9.91	0.0486481	-1.09385	0.748252	-1.8557	1.60495	-2.15849
9.92	0.0532743	-1.05983	0.773543	-1.81589	1.63679	-2.10274
9.93	0.0604556	-1.02374	0.787931	-1.77136	1.67668	-2.05066
9.94	0.0702937	-0.988915	0.793419	-1.72299	1.72267	-2.00152
9.95	0.0821813	-0.957835	0.794282	-1.67276	1.77132	-1.95417
9.96	0.0949869	-0.932031	0.796126	-1.62334	1.81841	-1.90739
9.97	0.107388	-0.912321	0.804582	-1.57744	1.85993	-1.86005
9.98	0.118239	-0.899168	0.82396	-1.53711	1.89302	-1.81146
9.99	0.126879	-0.893011	0.856194	-1.50321	1.91665	-1.76142
10	0.133333	-0.894399	0.900309	-1.4753	1.93194	-1.71032
