t	x0	y0	x1	y1	lam1	lam2
0.01	1	-0.000469378	2	-0.000469378	0.00874873	0.00437437
0.02	0.999998	-0.00191164	2	-0.00191165	0.110359	0.0551796
0.03	0.999991	-0.00434077	1.99999	-0.00434082	0.240334	0.120166
0.04	0.99997	-0.00774646	1.99997	-0.00774669	0.447616	0.223801
0.05	0.999926	-0.0121359	1.99993	-0.0121367	0.708336	0.354142
0.06	0.999847	-0.017503	1.99985	-0.0175054	1.0085	0.504171
0.07	0.999716	-0.0238509	1.99972	-0.0238568	1.41346	0.70653
0.08	0.999514	-0.0311751	1.99951	-0.031188	1.79077	0.894952
0.09	0.999221	-0.0394751	1.99922	-0.039501	2.35172	1.17495
0.1	0.998811	-0.0487461	1.99881	-0.0487944	2.79142	1.39406
0.11	0.998259	-0.0589843	1.99826	-0.0590693	3.51352	1.75372
0.12	0.997534	-0.0701823	1.99753	-0.0703248	4.00332	1.99677
0.13	0.996605	-0.0823324	1.9966	-0.0825615	4.88257	2.43309
0.14	0.995437	-0.0954232	1.99544	-0.095779	5.41198	2.69384
0.15	0.993993	-0.109442	1.99399	-0.109978	6.43441	3.19826
0.16	0.992236	-0.124372	1.99224	-0.125157	6.99293	3.47005
0.17	0.990124	-0.140193	1.99012	-0.141317	8.13509	4.0287
0.18	0.987617	-0.156883	1.98762	-0.158457	8.71049	4.30363
0.19	0.984672	-0.174415	1.98467	-0.176578	9.94112	4.8983
0.2	0.981246	-0.192757	1.98124	-0.195679	10.5185	5.16707
0.21	0.977297	-0.211875	1.97729	-0.215759	11.8012	5.7769
0.22	0.972781	-0.231728	1.97277	-0.236818	12.3638	6.02951
0.23	0.967656	-0.252274	1.96763	-0.258855	13.6604	6.63342
0.24	0.961882	-0.273464	1.96185	-0.281868	14.1911	6.86073
0.25	0.955421	-0.295246	1.95536	-0.305856	15.4662	7.44014
0.26	0.948236	-0.317566	1.94815	-0.330818	15.9503	7.63585
0.27	0.940294	-0.340364	1.94016	-0.35675	17.1745	8.17724
0.28	0.931564	-0.363576	1.93136	-0.383649	17.6024	8.33964
0.29	0.922021	-0.38714	1.92172	-0.411513	18.7548	8.83632
0.3	0.911642	-0.410986	1.91121	-0.440336	19.1233	8.96925
0.31	0.900408	-0.435046	1.89979	-0.470113	20.1928	9.42198
0.32	0.888307	-0.459249	1.88744	-0.500838	20.5046	9.5348
0.33	0.875331	-0.483523	1.87413	-0.532504	21.489	9.95121
0.34	0.861477	-0.507796	1.85983	-0.565102	21.7522	10.0579
0.35	0.846748	-0.531995	1.84453	-0.598623	22.6558	10.4511
0.36	0.831151	-0.556047	1.82818	-0.633055	22.8818	10.5688
0.37	0.814701	-0.579882	1.81078	-0.668386	23.7137	10.9557
0.38	0.797418	-0.603427	1.79229	-0.704601	23.9154	11.1035
0.39	0.779328	-0.626616	1.77269	-0.741684	24.6872	11.5034
0.4	0.760464	-0.64938	1.75195	-0.779615	24.878	11.7007
0.41	0.740865	-0.671654	1.73004	-0.818373	25.6031	12.1339
0.42	0.720576	-0.693376	1.70694	-0.857934	25.7968	12.4006
0.43	0.699648	-0.714487	1.68262	-0.89827	26.49	12.8879
0.44	0.67814	-0.734933	1.65702	-0.939351	26.7014	13.2432
0.45	0.656114	-0.754662	1.63013	-0.981139	27.3798	13.8058
0.46	0.633642	-0.773626	1.6019	-1.0236	27.626	14.2691
0.47	0.610799	-0.791785	1.57228	-1.06667	28.3108	14.9285
0.48	0.587667	-0.809103	1.54122	-1.11032	28.6139	15.5199
0.49	0.564331	-0.825548	1.50868	-1.15448	29.3326	16.299
0.5	0.540883	-0.841098	1.47461	-1.19908	29.722	17.0401
0.51	0.517416	-0.855734	1.43894	-1.24405	30.511	17.964
0.52	0.494029	-0.869445	1.40162	-1.2893	31.0264	18.8795
0.53	0.470821	-0.882229	1.36258	-1.33474	31.934	19.9773
0.54	0.447893	-0.894087	1.32176	-1.38025	32.6281	21.0962
0.55	0.425345	-0.905031	1.2791	-1.42571	33.7162	22.4014
0.56	0.403276	-0.915078	1.23452	-1.47098	34.6555	23.7576
0.57	0.381782	-0.924253	1.18797	-1.51591	35.9989	25.3079
0.58	0.360953	-0.932584	1.13939	-1.56031	37.26	26.9374
0.59	0.340872	-0.94011	1.0887	-1.604	38.9384	28.7682
0.6	0.321613	-0.946871	1.03587	-1.64676	40.5937	30.6981
0.61	0.303236	-0.952915	0.980845	-1.68834	42.668	32.825
0.62	0.285786	-0.958294	0.923603	-1.72848	44.7497	35.0462
0.63	0.269284	-0.963061	0.864131	-1.7669	47.2101	37.4256
0.64	0.253731	-0.967275	0.80244	-1.80329	49.6401	39.8404
0.65	0.239096	-0.970996	0.738572	-1.83732	52.3192	42.3047
0.66	0.225314	-0.974286	0.672601	-1.86868	54.814	44.6568
0.67	0.212283	-0.977208	0.604644	-1.89702	57.3024	46.8537
0.68	0.199866	-0.979823	0.53486	-1.92204	59.3305	48.7002
0.69	0.187886	-0.982191	0.463456	-1.94347	61.0175	50.1297
0.7	0.176135	-0.984366	0.39068	-1.96108	61.9609	50.9707
0.71	0.164383	-0.986397	0.316817	-1.97471	62.3266	51.2134
0.72	0.152387	-0.988321	0.242176	-1.98428	61.8647	50.7884
0.73	0.139909	-0.990164	0.167078	-1.9898	60.8615	49.7987
0.74	0.126721	-0.991938	0.0918408	-1.99133	59.2291	48.286
0.75	0.112622	-0.993638	0.0167649	-1.98903	57.3243	46.4269
0.76	0.0974413	-0.995241	-0.0578745	-1.98311	55.1229	44.3005
0.77	0.0810445	-0.99671	-0.131835	-1.97379	52.9478	42.0761
0.78	0.0633318	-0.997993	-0.204908	-1.96134	50.7495	39.8024
0.79	0.0442376	-0.999021	-0.276922	-1.94605	48.7669	37.6004
0.8	0.0237273	-0.999718	-0.347736	-1.92817	46.9051	35.4728
0.81	0.00179382	-0.999998	-0.417238	-1.90797	45.3283	33.4963
0.82	-0.021546	-0.999768	-0.485342	-1.88571	43.9147	31.6421
0.83	-0.0462545	-0.99893	-0.551983	-1.86162	42.7806	29.9608
0.84	-0.0722762	-0.997385	-0.617112	-1.83593	41.799	28.4091
0.85	-0.0995407	-0.995033	-0.680696	-1.80883	41.0595	27.0258
0.86	-0.127964	-0.991779	-0.742712	-1.7805	40.4426	25.7638
0.87	-0.157451	-0.987527	-0.803145	-1.75112	40.023	24.6576
0.88	-0.187899	-0.982188	-0.861988	-1.72084	39.6942	23.6611
0.89	-0.219194	-0.975681	-0.919236	-1.68978	39.5219	22.8074
0.9	-0.251217	-0.967931	-0.974887	-1.65808	39.4132	22.0529
0.91	-0.283846	-0.95887	-1.02894	-1.62583	39.4274	21.4298
0.92	-0.316951	-0.948442	-1.0814	-1.59312	39.484	20.8969
0.93	-0.350402	-0.936599	-1.13226	-1.56005	39.6363	20.4847
0.94	-0.384066	-0.923306	-1.18152	-1.52668	39.814	20.1539
0.95	-0.417807	-0.908536	-1.22917	-1.49308	40.0643	19.9321
0.96	-0.451492	-0.892275	-1.2752	-1.45928	40.3236	19.7804
0.97	-0.484986	-0.874522	-1.3196	-1.42535	40.6316	19.7224
0.98	-0.518155	-0.855286	-1.36236	-1.39131	40.9285	19.7181
0.99	-0.55087	-0.834591	-1.40345	-1.35719	41.2447	19.7854
1	-0.583	-0.812472	-1.44285	-1.32301	41.5201	19.8818
1.01	-0.614419	-0.78898	-1.48055	-1.2888	41.7749	20.0183
1.02	-0.645008	-0.764176	-1.51651	-1.25458	41.9464	20.1489
1.03	-0.674648	-0.73814	-1.55071	-1.22034	42.0442	20.2776
1.04	-0.70323	-0.710962	-1.58314	-1.18611	42.0039	20.3562
1.05	-0.730652	-0.68275	-1.61378	-1.15189	41.8285	20.3842
1.06	-0.75682	-0.653623	-1.64262	-1.11769	41.4573	20.315
1.07	-0.781654	-0.623712	-1.66966	-1.08354	40.8957	20.1499
1.08	-0.805084	-0.59316	-1.69492	-1.04944	40.0964	19.8511
1.09	-0.827057	-0.562118	-1.71842	-1.01541	39.0785	19.4291
1.1	-0.847533	-0.530742	-1.74018	-0.981491	37.8174	18.8619
1.11	-0.866493	-0.499189	-1.76027	-0.947702	36.3527	18.174
1.12	-0.883931	-0.467617	-1.77873	-0.914079	34.6846	17.3607
1.13	-0.899861	-0.436176	-1.79565	-0.880663	32.8701	16.4584
1.14	-0.914311	-0.405012	-1.81109	-0.847498	30.9253	15.4741
1.15	-0.927325	-0.374258	-1.82514	-0.814629	28.9134	14.4486
1.16	-0.938957	-0.344036	-1.8379	-0.782105	26.8536	13.3916
1.17	-0.949273	-0.314454	-1.84945	-0.749975	24.8025	12.3398
1.18	-0.958347	-0.285607	-1.85989	-0.718289	22.7726	11.299
1.19	-0.966258	-0.257576	-1.86932	-0.687095	20.8077	10.2973
1.2	-0.973089	-0.23043	-1.87781	-0.656438	18.9094	9.334
1.21	-0.978924	-0.204223	-1.88545	-0.626365	17.1082	8.42826
1.22	-0.983849	-0.179002	-1.89234	-0.596916	15.3967	7.57391
1.23	-0.987946	-0.1548	-1.89853	-0.56813	13.7947	6.78303
1.24	-0.991297	-0.131644	-1.9041	-0.540045	12.2891	6.04608
1.25	-0.993981	-0.109553	-1.90912	-0.512693	10.8927	5.37059
1.26	-0.996073	-0.0885383	-1.91365	-0.486104	9.58952	4.74568
1.27	-0.997644	-0.0686075	-1.91774	-0.460308	8.38851	4.17629
1.28	-0.998761	-0.0497627	-1.92144	-0.435328	7.27313	3.6516
1.29	-0.999488	-0.0320029	-1.92481	-0.411187	6.25013	3.1752
1.3	-0.999883	-0.0153239	-1.92788	-0.387907	5.30381	2.73713
1.31	-1	0.000280646	-1.9307	-0.365506	4.43985	2.34039
1.32	-0.99989	0.0148188	-1.9333	-0.343999	3.64396	1.97619
1.33	-0.999599	0.0282998	-1.93571	-0.323402	2.92132	1.6473
1.34	-0.99917	0.0407338	-1.93797	-0.303728	2.25934	1.3462
1.35	-0.99864	0.0521311	-1.9401	-0.284988	1.66293	1.07558
1.36	-0.998045	0.0625026	-1.94213	-0.267192	1.1212	0.829154
1.37	-0.997415	0.0718585	-1.94408	-0.25035	0.638946	0.609588
1.38	-0.996778	0.0802091	-1.94598	-0.234469	0.206884	0.411707
1.39	-0.996159	0.0875639	-1.94783	-0.219555	-0.170253	0.238192
1.4	-0.995579	0.0939317	-1.94966	-0.205616	-0.50025	0.084855
1.41	-0.995056	0.0993203	-1.95148	-0.192654	-0.778413	-0.0456075
1.42	-0.994605	0.103737	-1.95331	-0.180674	-1.01114	-0.156503
1.43	-0.994239	0.107187	-1.95515	-0.16968	-1.19374	-0.24511
1.44	-0.993967	0.109675	-1.95701	-0.159673	-1.33133	-0.313951
1.45	-0.993797	0.111205	-1.9589	-0.150656	-1.41919	-0.360266
1.46	-0.993733	0.111779	-1.96083	-0.142629	-1.46124	-0.385866
1.47	-0.993776	0.111398	-1.96279	-0.135593	-1.45269	-0.387933
1.48	-0.993925	0.110061	-1.96479	-0.129547	-1.39634	-0.367631
1.49	-0.994176	0.107768	-1.96683	-0.12449	-1.28731	-0.322063
1.5	-0.994523	0.104514	-1.9689	-0.120422	-1.12735	-0.251811
1.51	-0.994958	0.100296	-1.97099	-0.117341	-0.911479	-0.153899
1.52	-0.995467	0.0951098	-1.97309	-0.115244	-0.640553	-0.0284021
1.53	-0.996036	0.088949	-1.9752	-0.114128	-0.309537	0.127693
1.54	-0.996648	0.0818072	-1.97729	-0.113991	0.0814205	0.314689
1.55	-0.997282	0.0736776	-1.97935	-0.114828	0.537221	0.535519
1.56	-0.997914	0.0645529	-1.98136	-0.116636	1.05807	0.790639
1.57	-0.998518	0.0544262	-1.98329	-0.119411	1.64837	1.08266
1.58	-0.999063	0.0432909	-1.98511	-0.123148	2.30811	1.41182
1.59	-0.999515	0.0311415	-1.9868	-0.127843	3.04054	1.77996
1.6	-0.999838	0.0179738	-1.9883	-0.13349	3.84453	2.18653
1.61	-0.999993	0.0037858	-1.98959	-0.140085	4.72121	2.63197
1.62	-0.999935	-0.011422	-1.99062	-0.147623	5.66718	3.11414
1.63	-0.999618	-0.0276458	-1.99133	-0.1561	6.68019	3.63126
1.64	-0.998992	-0.0448775	-1.99169	-0.165511	7.75324	4.17874
1.65	-0.998007	-0.0631045	-1.99163	-0.175853	8.87956	4.75183
1.66	-0.996607	-0.0823084	-1.9911	-0.187123	10.0476	5.34287
1.67	-0.994737	-0.102465	-1.99004	-0.199318	11.2455	5.94386
1.68	-0.992339	-0.123543	-1.98838	-0.212436	12.4574	6.54427
1.69	-0.989358	-0.145505	-1.98607	-0.226478	13.6675	7.13358
1.7	-0.985735	-0.168304	-1.98306	-0.241443	14.8573	7.69983
1.71	-0.981417	-0.191889	-1.97927	-0.257333	16.0102	8.23206
1.72	-0.976349	-0.2162	-1.97467	-0.274151	17.1088	8.71938
1.73	-0.970482	-0.241172	-1.96919	-0.291899	18.1394	9.15328
1.74	-0.963771	-0.266732	-1.96281	-0.310582	19.0899	9.52672
1.75	-0.956172	-0.292805	-1.95547	-0.330204	19.953	9.83603
1.76	-0.94765	-0.31931	-1.94716	-0.35077	20.7243	10.0797
1.77	-0.938173	-0.346167	-1.93783	-0.372286	21.4042	10.2598
1.78	-0.927715	-0.37329	-1.92748	-0.394756	21.9957	10.38
1.79	-0.916255	-0.400595	-1.9161	-0.418184	22.5054	10.447
1.8	-0.90378	-0.427998	-1.90367	-0.442575	22.9412	10.4683
1.81	-0.890279	-0.455416	-1.8902	-0.467931	23.3129	10.453
1.82	-0.875749	-0.482767	-1.87568	-0.494255	23.6301	10.41
1.83	-0.860192	-0.509971	-1.86012	-0.521547	23.9032	10.349
1.84	-0.843615	-0.536949	-1.84353	-0.549809	24.1411	10.279
1.85	-0.82603	-0.563626	-1.82591	-0.579037	24.3522	10.2087
1.86	-0.807457	-0.589927	-1.80727	-0.609231	24.5437	10.146
1.87	-0.787917	-0.615782	-1.78761	-0.640386	24.7216	10.0985
1.88	-0.76744	-0.64112	-1.76695	-0.672496	24.8906	10.0728
1.89	-0.746062	-0.665877	-1.74527	-0.705556	25.0546	10.0752
1.9	-0.723822	-0.689986	-1.72259	-0.739556	25.2161	10.1113
1.91	-0.700769	-0.713388	-1.6989	-0.774487	25.3775	10.1862
1.92	-0.676956	-0.736023	-1.67419	-0.810335	25.5398	10.3046
1.93	-0.652444	-0.757837	-1.64845	-0.847088	25.7044	10.4711
1.94	-0.627299	-0.778779	-1.62167	-0.884727	25.872	10.6897
1.95	-0.601595	-0.798801	-1.59382	-0.923233	26.0436	10.9645
1.96	-0.575415	-0.817862	-1.56489	-0.962583	26.2203	11.2991
1.97	-0.548845	-0.835924	-1.53483	-1.00275	26.4043	11.6975
1.98	-0.521982	-0.852957	-1.50362	-1.0437	26.5978	12.1633
1.99	-0.494926	-0.868935	-1.47122	-1.0854	26.8048	12.7004
2	-0.467784	-0.883843	-1.43757	-1.1278	27.0303	13.3129
2.01	-0.44067	-0.897669	-1.40263	-1.17086	27.2809	14.0051
2.02	-0.413703	-0.910412	-1.36634	-1.21451	27.5653	14.7821
2.03	-0.387004	-0.922078	-1.32865	-1.25869	27.8947	15.6496
2.04	-0.3607	-0.932682	-1.28948	-1.30332	28.2826	16.6145
2.05	-0.334919	-0.942247	-1.24876	-1.34832	28.7461	17.6851
2.06	-0.309792	-0.950805	-1.20643	-1.39357	29.3053	18.8714
2.07	-0.285448	-0.958394	-1.1624	-1.43897	29.9849	20.1858
2.08	-0.262019	-0.965063	-1.11661	-1.48437	30.8138	21.6435
2.09	-0.239631	-0.970864	-1.06896	-1.52962	31.8263	23.2629
2.1	-0.218408	-0.975858	-1.01939	-1.57455	33.0618	25.0659
2.11	-0.198469	-0.980107	-0.967807	-1.61895	34.5654	27.0783
2.12	-0.179924	-0.98368	-0.914144	-1.66259	36.3869	29.329
2.13	-0.162875	-0.986647	-0.85833	-1.70522	38.5794	31.8487
2.14	-0.147408	-0.989076	-0.800304	-1.74652	41.1949	34.6668
2.15	-0.13359	-0.991037	-0.74002	-1.78617	44.2767	37.8057
2.16	-0.121466	-0.992596	-0.677449	-1.82379	47.8467	41.2701
2.17	-0.111044	-0.993815	-0.612594	-1.85894	51.8855	45.0328
2.18	-0.102291	-0.994755	-0.545493	-1.89118	56.3044	49.0133
2.19	-0.0951169	-0.995466	-0.476236	-1.91999	60.9158	53.0557
2.2	-0.089366	-0.995999	-0.404976	-1.94489	65.4095	56.9123
2.21	-0.0848067	-0.996397	-0.33194	-1.96538	69.3602	60.2496
2.22	-0.0811302	-0.996704	-0.257434	-1.98104	72.2852	62.6933
2.23	-0.0779604	-0.996956	-0.181838	-1.99155	73.7594	63.9158
2.24	-0.074876	-0.997193	-0.105584	-1.99672	73.5501	63.7375
2.25	-0.0714426	-0.997445	-0.0291326	-1.99655	71.7027	62.1919
2.26	-0.0672475	-0.997736	0.0470664	-1.99118	68.5238	59.5124
2.27	-0.0619298	-0.998081	0.122601	-1.98091	64.4722	56.0513
2.28	-0.0551982	-0.998475	0.197119	-1.96612	60.024	52.1768
2.29	-0.0468372	-0.998903	0.270339	-1.94727	55.5735	48.1984
2.3	-0.0367029	-0.999326	0.342045	-1.92483	51.3927	44.3344
2.31	-0.0247136	-0.999695	0.412085	-1.89925	47.6366	40.7155
2.32	-0.0108379	-0.999941	0.480357	-1.87099	44.3695	37.4035
2.33	0.00491552	-0.999988	0.5468	-1.84044	41.596	34.4145
2.34	0.0225076	-0.999747	0.611383	-1.80797	39.286	31.7374
2.35	0.0418756	-0.999123	0.674102	-1.77391	37.3924	29.3478
2.36	0.0629391	-0.998017	0.734969	-1.73854	35.8622	27.2166
2.37	0.085603	-0.996329	0.794009	-1.70213	34.643	25.3142
2.38	0.109761	-0.993958	0.851258	-1.66491	33.6861	23.6142
2.39	0.135299	-0.990805	0.906756	-1.62709	32.9479	22.0933
2.4	0.162094	-0.986775	0.960551	-1.58883	32.3906	20.7324
2.41	0.190019	-0.98178	1.01269	-1.5503	31.9815	19.5157
2.42	0.21894	-0.975738	1.06322	-1.51163	31.6935	18.4308
2.43	0.248723	-0.968575	1.1122	-1.47296	31.5036	17.4681
2.44	0.279231	-0.960224	1.15967	-1.43438	31.3935	16.6198
2.45	0.310326	-0.95063	1.20568	-1.39599	31.3481	15.8803
2.46	0.341869	-0.939747	1.25026	-1.35788	31.356	15.2449
2.47	0.373727	-0.927539	1.29345	-1.3201	31.4085	14.7101
2.48	0.405764	-0.913978	1.33529	-1.28273	31.4994	14.273
2.49	0.437851	-0.899048	1.37581	-1.24581	31.6246	13.9311
2.5	0.469861	-0.88274	1.41501	-1.20938	31.7816	13.6821
2.51	0.501672	-0.865058	1.45292	-1.17349	31.9694	13.5236
2.52	0.533167	-0.84601	1.48954	-1.13816	32.1875	13.4532
2.53	0.564234	-0.825615	1.52487	-1.10341	32.4359	13.4679
2.54	0.594766	-0.803899	1.55891	-1.06927	32.7144	13.5642
2.55	0.624661	-0.780896	1.59164	-1.03576	33.0216	13.7373
2.56	0.653823	-0.756648	1.62304	-1.00287	33.3549	13.9814
2.57	0.68216	-0.731203	1.65308	-0.970616	33.7089	14.2887
2.58	0.709587	-0.704618	1.68173	-0.939001	34.075	14.6491
2.59	0.736021	-0.676959	1.70896	-0.908024	34.4403	15.0498
2.6	0.761386	-0.648299	1.73472	-0.877679	34.7869	15.4741
2.61	0.785609	-0.618723	1.75898	-0.847959	35.0908	15.9019
2.62	0.808625	-0.588324	1.78169	-0.818855	35.3225	16.3088
2.63	0.830374	-0.557207	1.80281	-0.790356	35.4466	16.667
2.64	0.850802	-0.525486	1.82232	-0.76245	35.4243	16.946
2.65	0.869865	-0.49329	1.84018	-0.735123	35.2156	17.1149
2.66	0.887528	-0.460753	1.85639	-0.708364	34.7834	17.1444
2.67	0.903769	-0.428021	1.87094	-0.682161	34.0981	17.011
2.68	0.918577	-0.395243	1.88384	-0.656509	33.1423	16.6994
2.69	0.931956	-0.362572	1.89514	-0.631402	31.9147	16.2056
2.7	0.943925	-0.330159	1.90489	-0.606842	30.4312	15.5376
2.71	0.954519	-0.298151	1.91314	-0.582834	28.7241	14.7151
2.72	0.963785	-0.266682	1.91999	-0.55939	26.8388	13.7672
2.73	0.971783	-0.235878	1.92552	-0.536525	24.8284	12.7284
2.74	0.978584	-0.205848	1.92984	-0.514259	22.7482	11.6352
2.75	0.984267	-0.176685	1.93305	-0.492616	20.6505	10.522
2.76	0.988917	-0.148467	1.93526	-0.471621	18.5808	9.41922
2.77	0.992621	-0.121254	1.93659	-0.451304	16.5758	8.35109
2.78	0.995468	-0.0950943	1.93712	-0.431692	14.6629	7.33567
2.79	0.997546	-0.0700198	1.93696	-0.412814	12.8604	6.38503
2.8	0.998939	-0.0460526	1.93619	-0.394698	11.1791	5.50613
2.81	0.999731	-0.0232049	1.93491	-0.37737	9.62342	4.70176
2.82	0.999999	-0.00148083	1.93319	-0.360856	8.19337	3.97168
2.83	0.999817	0.019122	1.9311	-0.345181	6.88556	3.31345
2.84	0.999254	0.0386109	1.92869	-0.330365	5.69449	2.72328
2.85	0.998374	0.0569971	1.92603	-0.316429	4.61341	2.19655
2.86	0.997236	0.0742944	1.92317	-0.303392	3.63498	1.72833
2.87	0.995895	0.0905187	1.92014	-0.29127	2.75175	1.31361
2.88	0.994399	0.105687	1.917	-0.280078	1.95644	0.947552
2.89	0.992796	0.119817	1.91376	-0.269831	1.24216	0.625612
2.9	0.991126	0.132927	1.91046	-0.26054	0.602521	0.343589
2.91	0.989427	0.145034	1.90714	-0.252216	0.0316835	0.0976668
2.92	0.987732	0.156156	1.9038	-0.244868	-0.475627	-0.115582
2.93	0.986074	0.166309	1.90047	-0.238507	-0.92413	-0.299213
2.94	0.984478	0.175507	1.89717	-0.233138	-1.31801	-0.455932
2.95	0.98297	0.183766	1.89391	-0.228768	-1.66097	-0.588121
2.96	0.981571	0.191099	1.89071	-0.225404	-1.95624	-0.697873
2.97	0.9803	0.197517	1.88756	-0.223049	-2.20663	-0.787015
2.98	0.979173	0.20303	1.88449	-0.221709	-2.41457	-0.857143
2.99	0.978204	0.207647	1.88149	-0.221385	-2.58213	-0.90964
3	0.977405	0.211375	1.87858	-0.222082	-2.71108	-0.945706
3.01	0.976785	0.21422	1.87575	-0.2238	-2.80288	-0.966373
3.02	0.976352	0.216186	1.87301	-0.226542	-2.8587	-0.972525
3.03	0.97611	0.217276	1.87035	-0.230307	-2.8795	-0.964906
3.04	0.976063	0.21749	1.86778	-0.235096	-2.86595	-0.94414
3.05	0.97621	0.216827	1.8653	-0.240909	-2.81853	-0.91073
3.06	0.976551	0.215286	1.86289	-0.247745	-2.73749	-0.865066
3.07	0.977082	0.212863	1.86056	-0.255601	-2.62287	-0.807434
3.08	0.977798	0.209552	1.85831	-0.264477	-2.47449	-0.737999
3.09	0.978689	0.205346	1.85611	-0.274368	-2.29197	-0.656829
3.1	0.979747	0.200238	1.85398	-0.285271	-2.07469	-0.563844
3.11	0.980959	0.194217	1.85189	-0.297182	-1.82185	-0.458875
3.12	0.982308	0.187273	1.84985	-0.310097	-1.53235	-0.341558
3.13	0.983777	0.179393	1.84783	-0.32401	-1.2049	-0.211435
3.14	0.985347	0.170564	1.84583	-0.338914	-0.837854	-0.0677921
3.15	0.986992	0.160772	1.84384	-0.354802	-0.429374	0.0901999
3.16	0.988686	0.150001	1.84183	-0.371667	0.0228493	0.263703
3.17	0.9904	0.138234	1.83981	-0.389498	0.521354	0.454035
3.18	0.992099	0.125455	1.83775	-0.408286	1.06926	0.662945
3.19	0.993748	0.111647	1.83563	-0.428019	1.67001	0.892406
3.2	0.995305	0.09679	1.83343	-0.448685	2.32775	1.14494
3.21	0.996725	0.0808674	1.83114	-0.470269	3.0471	1.4234
3.22	0.997959	0.0638608	1.82873	-0.492755	3.83356	1.73134
3.23	0.998953	0.0457525	1.82617	-0.516125	4.69325	2.07275
3.24	0.999648	0.0265256	1.82345	-0.540359	5.63346	2.45252
3.25	0.999981	0.00616407	1.82051	-0.565434	6.66224	2.87614
3.26	0.999882	-0.0153465	1.81735	-0.591326	7.78907	3.35019
3.27	0.999277	-0.0380183	1.8139	-0.618004	9.0244	3.88197
3.28	0.998085	-0.0618612	1.81014	-0.645437	10.3803	4.48004
3.29	0.996219	-0.0868811	1.80602	-0.673588	11.8697	5.15372
3.3	0.993586	-0.11308	1.80147	-0.702417	13.5072	5.9135
3.31	0.990087	-0.140454	1.79645	-0.731877	15.3077	6.77038
3.32	0.985617	-0.168992	1.79088	-0.761915	17.2868	7.73585
3.33	0.980065	-0.198675	1.78468	-0.792475	19.4586	8.8208
3.34	0.973315	-0.229473	1.77777	-0.823489	21.8352	10.0348
3.35	0.965246	-0.261343	1.77005	-0.854887	24.4231	11.3838
3.36	0.955736	-0.294227	1.76141	-0.886589	27.2206	12.8685
3.37	0.944661	-0.328048	1.75173	-0.918507	30.2128	14.4807
3.38	0.931903	-0.362707	1.74088	-0.95055	33.3668	16.2006
3.39	0.917349	-0.398083	1.72872	-0.982622	36.6267	17.9922
3.4	0.9009	-0.434027	1.71509	-1.01462	39.9103	19.8022
3.41	0.882473	-0.470362	1.69986	-1.04646	43.1086	21.5593
3.42	0.862012	-0.506887	1.68286	-1.07803	46.0928	23.1784
3.43	0.83949	-0.543376	1.66397	-1.10927	48.7257	24.5694
3.44	0.814911	-0.579586	1.64306	-1.1401	50.8816	25.6504
3.45	0.78832	-0.615266	1.62003	-1.17048	52.4661	26.361
3.46	0.759793	-0.650165	1.59481	-1.20039	53.433	26.6747
3.47	0.72944	-0.684044	1.56738	-1.22981	53.791	26.6026
3.48	0.697398	-0.716684	1.53773	-1.25876	53.5992	26.1905
3.49	0.663822	-0.74789	1.50588	-1.28728	52.9519	25.5083
3.5	0.62888	-0.777502	1.47189	-1.31541	51.961	24.6377
3.51	0.592748	-0.805388	1.43582	-1.34319	50.7381	23.66
3.52	0.555603	-0.831448	1.39776	-1.37068	49.3824	22.6475
3.53	0.517621	-0.85561	1.35779	-1.39793	47.9744	21.6596
3.54	0.478974	-0.877829	1.31601	-1.42498	46.574	20.7413
3.55	0.439831	-0.898081	1.27248	-1.45188	45.2226	19.9243
3.56	0.400357	-0.916359	1.22729	-1.47865	43.9461	19.23
3.57	0.360714	-0.932677	1.18051	-1.50532	42.7586	18.671
3.58	0.321057	-0.94706	1.1322	-1.5319	41.6667	18.2541
3.59	0.281543	-0.959548	1.08241	-1.55839	40.6714	17.9819
3.6	0.242324	-0.970195	1.03117	-1.58479	39.7714	17.8544
3.61	0.203549	-0.979065	0.978522	-1.61106	38.9644	17.8701
3.62	0.165364	-0.986233	0.924488	-1.63718	38.249	18.0268
3.63	0.127915	-0.991785	0.869083	-1.6631	37.6251	18.3223
3.64	0.0913411	-0.99582	0.81232	-1.68878	37.0954	18.7547
3.65	0.0557796	-0.998443	0.754203	-1.71413	36.6652	19.3232
3.66	0.0213616	-0.999772	0.694736	-1.73907	36.3437	20.028
3.67	-0.011787	-0.999931	0.633921	-1.76351	36.1437	20.8712
3.68	-0.0435473	-0.999051	0.571759	-1.78734	36.0824	21.8569
3.69	-0.0738077	-0.997272	0.508252	-1.81042	36.1816	22.9918
3.7	-0.102465	-0.994737	0.443409	-1.8326	36.4677	24.2853
3.71	-0.129426	-0.991589	0.377242	-1.85373	36.9719	25.7503
3.72	-0.154606	-0.987976	0.309774	-1.87361	37.7306	27.4029
3.73	-0.177934	-0.984043	0.241036	-1.89204	38.7839	29.2624
3.74	-0.199349	-0.979929	0.171077	-1.90879	40.1749	31.3502
3.75	-0.218806	-0.975768	0.0999627	-1.9236	41.9464	33.6874
3.76	-0.236276	-0.971686	0.0277814	-1.93619	44.136	36.2912
3.77	-0.251751	-0.967792	-0.0453495	-1.94626	46.7667	39.1678
3.78	-0.265249	-0.96418	-0.119278	-1.95347	49.8334	42.302
3.79	-0.276817	-0.960923	-0.193813	-1.95747	53.284	45.643
3.8	-0.286543	-0.958067	-0.268713	-1.95791	56.9959	49.0869
3.81	-0.294563	-0.955632	-0.343687	-1.95442	60.7553	52.4619
3.82	-0.301066	-0.953603	-0.418391	-1.9467	64.2505	55.5241
3.83	-0.3063	-0.951935	-0.492435	-1.93446	67.0965	57.9768
3.84	-0.31057	-0.95055	-0.565397	-1.91754	68.9023	59.522
3.85	-0.314223	-0.949349	-0.636848	-1.89588	69.3698	59.9355
3.86	-0.317629	-0.948215	-0.706378	-1.86956	68.3885	59.1375
3.87	-0.321154	-0.947027	-0.773628	-1.8388	66.0725	57.2202
3.88	-0.325132	-0.945669	-0.838311	-1.80395	62.7201	54.4174
3.89	-0.329847	-0.944035	-0.900223	-1.76542	58.7192	51.0324
3.9	-0.335518	-0.942034	-0.959243	-1.72368	54.4485	47.3629
3.91	-0.342302	-0.93959	-1.01532	-1.67921	50.2119	43.6514
3.92	-0.350291	-0.936641	-1.06848	-1.63249	46.2157	40.0669
3.93	-0.359529	-0.933134	-1.11876	-1.58395	42.5765	36.7098
3.94	-0.370015	-0.929026	-1.16626	-1.53399	39.3417	33.6275
3.95	-0.381716	-0.92428	-1.21109	-1.48297	36.5135	30.8318
3.96	-0.394577	-0.918863	-1.25336	-1.4312	34.0667	28.3127
3.97	-0.408521	-0.912749	-1.2932	-1.37895	31.963	26.0495
3.98	-0.423463	-0.905913	-1.33074	-1.32645	30.1593	24.0165
3.99	-0.439305	-0.898338	-1.36609	-1.27392	28.6126	22.1877
4	-0.455945	-0.890008	-1.39939	-1.22154	27.2829	20.5386
4.01	-0.473279	-0.880913	-1.43075	-1.16944	26.1342	19.0472
4.02	-0.491199	-0.871047	-1.46028	-1.11778	25.1349	17.6943
4.03	-0.5096	-0.860411	-1.4881	-1.06665	24.2578	16.4635
4.04	-0.528377	-0.84901	-1.51431	-1.01616	23.4795	15.3408
4.05	-0.547426	-0.836854	-1.539	-0.966394	22.7804	14.3145
4.06	-0.566649	-0.82396	-1.56227	-0.91742	22.1437	13.3746
4.07	-0.585949	-0.810348	-1.58421	-0.8693	21.5558	12.5126
4.08	-0.605237	-0.796045	-1.6049	-0.822085	21.0051	11.7214
4.09	-0.624427	-0.781083	-1.62441	-0.775819	20.4823	10.9946
4.1	-0.643439	-0.765498	-1.64283	-0.730538	19.9796	10.3268
4.11	-0.662198	-0.749329	-1.66021	-0.686273	19.4909	9.71313
4.12	-0.680639	-0.732619	-1.67662	-0.643049	19.0113	9.14917
4.13	-0.698697	-0.715417	-1.69212	-0.600887	18.537	8.63087
4.14	-0.71632	-0.697772	-1.70676	-0.559804	18.065	8.1545
4.15	-0.733458	-0.679734	-1.72059	-0.519814	17.5931	7.71655
4.16	-0.750069	-0.661359	-1.73366	-0.480928	17.1199	7.31369
4.17	-0.766117	-0.642701	-1.74601	-0.443154	16.6441	6.94278
4.18	-0.781571	-0.623816	-1.75767	-0.406499	16.1652	6.60081
4.19	-0.796408	-0.60476	-1.76869	-0.370969	15.6828	6.2849
4.2	-0.810608	-0.585589	-1.77911	-0.336566	15.1968	5.99235
4.21	-0.824158	-0.56636	-1.78894	-0.303293	14.7073	5.72054
4.22	-0.837048	-0.547129	-1.79821	-0.271151	14.2146	5.46702
4.23	-0.849276	-0.52795	-1.80696	-0.240141	13.7189	5.22949
4.24	-0.86084	-0.508876	-1.81521	-0.210262	13.2209	5.0058
4.25	-0.871744	-0.489961	-1.82299	-0.181514	12.7209	4.79396
4.26	-0.881997	-0.471255	-1.8303	-0.153894	12.2197	4.59216
4.27	-0.891608	-0.452809	-1.83718	-0.127401	11.7179	4.39875
4.28	-0.90059	-0.434669	-1.84365	-0.102032	11.2164	4.2123
4.29	-0.908961	-0.416882	-1.84971	-0.0777839	10.7159	4.03153
4.3	-0.916737	-0.399492	-1.8554	-0.0546535	10.2174	3.8554
4.31	-0.923938	-0.382542	-1.86072	-0.032637	9.72193	3.68303
4.32	-0.930587	-0.366071	-1.8657	-0.0117303	9.23063	3.5138
4.33	-0.936706	-0.350118	-1.87035	0.00807102	8.74475	3.34723
4.34	-0.942318	-0.33472	-1.87469	0.0267714	8.26565	3.18308
4.35	-0.947448	-0.31991	-1.87873	0.0443759	7.79483	3.02129
4.36	-0.952121	-0.305722	-1.8825	0.0608892	7.33387	2.86199
4.37	-0.956362	-0.292185	-1.88599	0.0763167	6.88449	2.70548
4.38	-0.960196	-0.279327	-1.88923	0.0906635	6.44852	2.55223
4.39	-0.963648	-0.267176	-1.89224	0.103935	6.02783	2.40285
4.4	-0.966742	-0.255755	-1.89502	0.116136	5.62441	2.25808
4.41	-0.969501	-0.245086	-1.89759	0.127272	5.24026	2.11876
4.42	-0.971949	-0.235191	-1.89997	0.137348	4.87742	1.98581
4.43	-0.974107	-0.226088	-1.90216	0.14637	4.53793	1.86022
4.44	-0.975995	-0.217793	-1.90417	0.15434	4.22377	1.74299
4.45	-0.977632	-0.210322	-1.90603	0.161265	3.93691	1.63517
4.46	-0.979036	-0.203688	-1.90773	0.167148	3.67917	1.53777
4.47	-0.980222	-0.197902	-1.9093	0.171993	3.45229	1.45175
4.48	-0.981204	-0.192975	-1.91072	0.175803	3.25787	1.37806
4.49	-0.981993	-0.188915	-1.91202	0.178582	3.09733	1.31753
4.5	-0.982601	-0.185729	-1.91319	0.18033	2.9719	1.27092
4.51	-0.983034	-0.183422	-1.91425	0.181051	2.88263	1.23888
4.52	-0.983299	-0.181997	-1.91519	0.180746	2.83031	1.22195
4.53	-0.983399	-0.181457	-1.91601	0.179415	2.81554	1.22053
4.54	-0.983335	-0.181803	-1.91673	0.177059	2.83867	1.23489
4.55	-0.983107	-0.183033	-1.91732	0.173678	2.89979	1.26517
4.56	-0.982711	-0.185145	-1.9178	0.16927	2.99876	1.31139
4.57	-0.982143	-0.188137	-1.91815	0.163835	3.13521	1.37341
4.58	-0.981395	-0.192001	-1.91838	0.15737	3.30851	1.45097
4.59	-0.980457	-0.196732	-1.91847	0.149873	3.51782	1.5437
4.6	-0.979319	-0.202321	-1.91841	0.141342	3.76208	1.65112
4.61	-0.977968	-0.208757	-1.9182	0.131773	4.04003	1.77263
4.62	-0.976387	-0.21603	-1.91782	0.121163	4.35021	1.90757
4.63	-0.974561	-0.224124	-1.91726	0.109507	4.69102	2.05521
4.64	-0.972471	-0.233025	-1.91651	0.0968013	5.06072	2.21478
4.65	-0.970097	-0.242716	-1.91555	0.0830418	5.45742	2.38545
4.66	-0.96742	-0.253178	-1.91436	0.0682234	5.87917	2.56643
4.67	-0.964416	-0.264388	-1.91293	0.0523416	6.32395	2.75694
4.68	-0.961064	-0.276325	-1.91124	0.0353915	6.7897	2.95621
4.69	-0.957341	-0.288962	-1.90927	0.0173682	7.27435	3.16357
4.7	-0.953222	-0.302272	-1.90699	-0.00173298	7.77585	3.37844
4.71	-0.948684	-0.316226	-1.90439	-0.0219166	8.2922	3.60033
4.72	-0.943703	-0.330793	-1.90145	-0.0431871	8.82145	3.8289
4.73	-0.938257	-0.345938	-1.89814	-0.0655487	9.36176	4.06395
4.74	-0.932323	-0.361626	-1.89444	-0.0890051	9.91137	4.30545
4.75	-0.92588	-0.377818	-1.89033	-0.11356	10.4687	4.55356
4.76	-0.918906	-0.394476	-1.88578	-0.139216	11.0322	4.80864
4.77	-0.911385	-0.411555	-1.88076	-0.165975	11.6006	5.07122
4.78	-0.903298	-0.429014	-1.87525	-0.19384	12.1726	5.34208
4.79	-0.894632	-0.446804	-1.86922	-0.222811	12.7474	5.62217
4.8	-0.885373	-0.464881	-1.86264	-0.252889	13.324	5.91271
4.81	-0.875514	-0.483192	-1.85549	-0.284073	13.9017	6.21508
4.82	-0.865048	-0.50169	-1.84772	-0.316362	14.4802	6.5309
4.83	-0.853971	-0.52032	-1.83932	-0.349752	15.059	6.86201
4.84	-0.842286	-0.539031	-1.83023	-0.38424	15.6383	7.21044
4.85	-0.829997	-0.557767	-1.82044	-0.41982	16.2181	7.57844
4.86	-0.817114	-0.576476	-1.80989	-0.456485	16.7989	7.96846
4.87	-0.80365	-0.595102	-1.79855	-0.494226	17.3815	8.38315
4.88	-0.789625	-0.613589	-1.78638	-0.533033	17.9671	8.82539
4.89	-0.775062	-0.631885	-1.77332	-0.57289	18.5571	9.29826
4.9	-0.759991	-0.649934	-1.75934	-0.613783	19.1535	9.80508
4.91	-0.744445	-0.667684	-1.74437	-0.655691	19.759	10.3494
4.92	-0.728464	-0.685084	-1.72837	-0.698592	20.3766	10.9352
4.93	-0.712093	-0.702085	-1.71128	-0.742457	21.0104	11.5664
4.94	-0.695384	-0.718638	-1.69303	-0.787256	21.6652	12.2478
4.95	-0.678391	-0.734701	-1.67355	-0.83295	22.3467	12.9841
4.96	-0.661176	-0.750231	-1.65279	-0.879495	23.062	13.7809
4.97	-0.643803	-0.765191	-1.63065	-0.926842	23.8193	14.6441
4.98	-0.626343	-0.779548	-1.60707	-0.97493	24.6283	15.5804
4.99	-0.608869	-0.793271	-1.58196	-1.02369	25.5003	16.5972
5	-0.591458	-0.806336	-1.55523	-1.07305	26.4483	17.7025
5.01	-0.57419	-0.818722	-1.5268	-1.12291	27.4871	18.9054
5.02	-0.557144	-0.830416	-1.49657	-1.17318	28.6335	20.2157
5.03	-0.540401	-0.841407	-1.46443	-1.22373	29.9054	21.6437
5.04	-0.524042	-0.851692	-1.4303	-1.27443	31.3224	23.2001
5.05	-0.508143	-0.861273	-1.39406	-1.32512	32.9043	24.8954
5.06	-0.492775	-0.870157	-1.35561	-1.37564	34.6699	26.7384
5.07	-0.478004	-0.878358	-1.31487	-1.42577	36.635	28.7349
5.08	-0.463882	-0.885897	-1.27171	-1.47531	38.8088	30.8853
5.09	-0.450451	-0.892801	-1.22607	-1.524	41.1899	33.1807
5.1	-0.437732	-0.899105	-1.17786	-1.57158	43.7602	35.599
5.11	-0.425726	-0.904852	-1.12701	-1.61773	46.4779	38.0994
5.12	-0.414405	-0.910093	-1.07351	-1.66214	49.2715	40.618
5.13	-0.40371	-0.914887	-1.01734	-1.70448	52.0349	43.0644
5.14	-0.393547	-0.919304	-0.958532	-1.74441	54.6293	45.3234
5.15	-0.383787	-0.923422	-0.897181	-1.78157	56.8927	47.2627
5.16	-0.374261	-0.927324	-0.833417	-1.81568	58.6613	48.7495
5.17	-0.364771	-0.931097	-0.767428	-1.84645	59.7976	49.672
5.18	-0.355098	-0.934829	-0.699449	-1.87367	60.2202	49.9627
5.19	-0.345006	-0.9386	-0.629756	-1.8972	59.9233	49.6129
5.2	-0.334263	-0.94248	-0.558654	-1.91698	58.9784	48.6746
5.21	-0.322646	-0.94652	-0.486459	-1.93301	57.5181	47.2482
5.22	-0.309955	-0.950751	-0.413487	-1.94538	55.707	45.4611
5.23	-0.296015	-0.955183	-0.340037	-1.95421	53.713	43.4449
5.24	-0.280685	-0.9598	-0.266389	-1.9597	51.684	41.318
5.25	-0.263853	-0.964563	-0.192793	-1.96204	49.7363	39.1765
5.26	-0.245436	-0.969413	-0.119467	-1.96145	47.9512	37.0908
5.27	-0.225382	-0.97427	-0.046601	-1.95816	46.379	35.1087
5.28	-0.203661	-0.979042	0.0256436	-1.9524	45.0446	33.2589
5.29	-0.180264	-0.983618	0.0971312	-1.94437	43.9547	31.5567
5.3	-0.155204	-0.987882	0.167748	-1.9343	43.1037	30.0083
5.31	-0.12851	-0.991708	0.2374	-1.92236	42.4787	28.614
5.32	-0.100226	-0.994965	0.306008	-1.90873	42.0629	27.3713
5.33	-0.0704122	-0.997518	0.373507	-1.89358	41.8381	26.2762
5.34	-0.0391403	-0.999234	0.439841	-1.87706	41.7863	25.3246
5.35	-0.00649478	-0.999979	0.504964	-1.85929	41.8907	24.5127
5.36	0.0274291	-0.999624	0.568834	-1.84039	42.1361	23.8374
5.37	0.0625256	-0.998043	0.631414	-1.82046	42.5091	23.2963
5.38	0.0986794	-0.995119	0.692669	-1.79959	42.9983	22.8874
5.39	0.135766	-0.990741	0.752564	-1.77786	43.5933	22.6087
5.4	0.173654	-0.984807	0.811065	-1.75533	44.2849	22.4583
5.41	0.212202	-0.977226	0.868133	-1.73205	45.0639	22.433
5.42	0.251264	-0.967919	0.923728	-1.70805	45.9202	22.5285
5.43	0.290685	-0.956819	0.977808	-1.68336	46.8413	22.7379
5.44	0.330306	-0.943874	1.03032	-1.658	47.8114	23.051
5.45	0.369959	-0.929048	1.08123	-1.63197	48.8091	23.4532
5.46	0.409474	-0.912322	1.13046	-1.60527	49.8061	23.9244
5.47	0.448673	-0.893696	1.17797	-1.5779	50.7656	24.4382
5.48	0.487376	-0.873192	1.22369	-1.54983	51.6416	24.9612
5.49	0.5254	-0.850855	1.26758	-1.52105	52.3791	25.4533
5.5	0.562562	-0.826755	1.30959	-1.49155	52.9161	25.8691
5.51	0.598681	-0.800987	1.34966	-1.46132	53.1877	26.1608
5.52	0.633583	-0.773675	1.38777	-1.43033	53.1322	26.2825
5.53	0.667105	-0.744964	1.4239	-1.39861	52.699	26.1952
5.54	0.699099	-0.715025	1.45806	-1.36616	51.8559	25.8724
5.55	0.729437	-0.684048	1.49026	-1.33301	50.5955	25.3043
5.56	0.758017	-0.652235	1.52053	-1.2992	48.9378	24.4996
5.57	0.784763	-0.619796	1.54895	-1.26479	46.928	23.4844
5.58	0.809628	-0.586943	1.57557	-1.22985	44.6312	22.2985
5.59	0.832595	-0.553883	1.60049	-1.19446	42.1238	20.9893
5.6	0.853672	-0.520811	1.62379	-1.15871	39.4851	19.6065
5.61	0.872894	-0.48791	1.64559	-1.12269	36.7891	18.1966
5.62	0.890315	-0.455346	1.66598	-1.08649	34.0998	16.7991
5.63	0.906006	-0.423265	1.68506	-1.05022	31.4685	15.4453
5.64	0.920052	-0.391797	1.70295	-1.01395	28.9329	14.1576
5.65	0.932545	-0.361054	1.71972	-0.977786	26.5188	12.9503
5.66	0.943586	-0.331128	1.73547	-0.9418	24.2415	11.8312
5.67	0.953276	-0.3021	1.75028	-0.906072	22.1083	10.8027
5.68	0.96172	-0.274035	1.76423	-0.870671	20.1205	9.86334
5.69	0.969019	-0.246985	1.77739	-0.835661	18.2752	9.00934
5.7	0.975276	-0.220992	1.78982	-0.8011	16.567	8.2352
5.71	0.980586	-0.19609	1.80157	-0.767042	14.9885	7.53463
5.72	0.985044	-0.172304	1.8127	-0.733532	13.532	6.90108
5.73	0.988739	-0.149651	1.82327	-0.700616	12.1894	6.32809
5.74	0.991755	-0.128145	1.8333	-0.668331	10.9528	5.80955
5.75	0.994174	-0.107792	1.84285	-0.636712	9.81466	5.3398
5.76	0.996068	-0.0885953	1.85194	-0.605791	8.76809	4.91375
5.77	0.997508	-0.0705557	1.8606	-0.575596	7.8068	4.52689
5.78	0.998559	-0.0536701	1.86888	-0.546153	6.92512	4.17529
5.79	0.99928	-0.0379335	1.87679	-0.517484	6.11804	3.85559
5.8	0.999728	-0.0233393	1.88437	-0.489611	5.38117	3.56497
5.81	0.999951	-0.00987958	1.89163	-0.462553	4.71071	3.30109
5.82	0.999997	0.00245452	1.89859	-0.436325	4.10339	3.06207
5.83	0.999907	0.0136723	1.90528	-0.410944	3.55651	2.84649
5.84	0.999717	0.0237834	1.91171	-0.386423	3.06783	2.65328
5.85	0.999462	0.0327972	1.9179	-0.362774	2.63561	2.48176
5.86	0.99917	0.0407231	1.92386	-0.340006	2.25856	2.33158
5.87	0.998868	0.0475699	1.9296	-0.318131	1.93578	2.20269
5.88	0.998576	0.0533457	1.93514	-0.297156	1.66684	2.09533
5.89	0.998313	0.058058	1.94048	-0.277089	1.45166	2.01003
5.9	0.998094	0.0617132	1.94563	-0.257935	1.29056	1.94752
5.91	0.99793	0.064317	1.9506	-0.239699	1.18422	1.9088
5.92	0.997828	0.0658738	1.95538	-0.222386	1.13365	1.89504
5.93	0.997794	0.0663873	1.95998	-0.205999	1.14015	1.90759
5.94	0.997829	0.0658601	1.9644	-0.190541	1.20528	1.94794
5.95	0.997931	0.0642937	1.96863	-0.176014	1.33079	2.01765
5.96	0.998095	0.0616892	1.97266	-0.16242	1.5185	2.11829
5.97	0.998314	0.0580467	1.97648	-0.149759	1.77026	2.25141
5.98	0.998575	0.0533661	1.98009	-0.138032	2.08772	2.41834
5.99	0.998864	0.0476472	1.98345	-0.127239	2.47221	2.62015
6	0.999164	0.0408898	1.98656	-0.117382	2.92444	2.85745
6.01	0.999452	0.0330944	1.98938	-0.108461	3.44436	3.13021
6.02	0.999706	0.0242628	1.9919	-0.100477	4.03068	3.43756
6.03	0.999896	0.014398	1.99407	-0.0934308	4.68085	3.77766
6.04	0.999994	0.00350546	1.99586	-0.0873252	5.3903	4.14729
6.05	0.999965	-0.00840682	1.99724	-0.0821633	6.15296	4.54206
6.06	0.999773	-0.0213274	1.99817	-0.0779491	6.95989	4.95573
6.07	0.999379	-0.0352412	1.9986	-0.0746883	7.80109	5.38112
6.08	0.998743	-0.0501285	1.9985	-0.0723876	8.66319	5.809
6.09	0.997822	-0.065965	1.99781	-0.0710553	9.53308	6.23
6.1	0.996573	-0.0827215	1.9965	-0.0707012	10.3946	6.63311
6.11	0.994951	-0.100364	1.99453	-0.0713364	11.2339	7.00858
6.12	0.992912	-0.118853	1.99186	-0.0729732	12.0354	7.34588
6.13	0.990412	-0.138145	1.98846	-0.0756248	12.7882	7.63745
6.14	0.987408	-0.158193	1.98429	-0.0793053	13.4805	7.87581
6.15	0.983859	-0.178947	1.97934	-0.084029	14.1076	8.0577
6.16	0.979724	-0.200351	1.9736	-0.08981	14.6641	8.18024
6.17	0.974966	-0.222353	1.96704	-0.0966622	15.1522	8.24517
6.18	0.96955	-0.244894	1.95966	-0.104599	15.5727	8.25407
6.19	0.963441	-0.26792	1.95147	-0.113632	15.9336	8.2127
6.2	0.95661	-0.291373	1.94246	-0.123772	16.2396	8.12562
6.21	0.949026	-0.315198	1.93266	-0.13503	16.5018	8.00073
6.22	0.940664	-0.339339	1.92207	-0.147412	16.7264	7.84374
6.23	0.931499	-0.363744	1.91071	-0.160925	16.9249	7.6629
6.24	0.921508	-0.38836	1.89861	-0.175574	17.1028	7.46367
6.25	0.910671	-0.413133	1.88577	-0.191363	17.2702	7.25358
6.26	0.898969	-0.438013	1.87223	-0.208293	17.4311	7.03713
6.27	0.886385	-0.462949	1.858	-0.226365	17.5933	6.82069
6.28	0.872905	-0.48789	1.8431	-0.24558	17.7587	6.60776
6.29	0.858517	-0.512786	1.82757	-0.265936	17.9331	6.40363
6.3	0.84321	-0.537584	1.81142	-0.28743	18.1162	6.21099
6.31	0.826978	-0.562234	1.79466	-0.310061	18.312	6.03432
6.32	0.809816	-0.586684	1.77732	-0.333825	18.5186	5.87586
6.33	0.791724	-0.610879	1.75941	-0.358718	18.7381	5.73961
6.34	0.772705	-0.634765	1.74094	-0.384738	18.9675	5.62762
6.35	0.752767	-0.658287	1.72193	-0.411878	19.2075	5.54367
6.36	0.731921	-0.68139	1.70238	-0.440137	19.454	5.48986
6.37	0.710186	-0.704015	1.6823	-0.469508	19.7066	5.46988
6.38	0.687584	-0.726105	1.66168	-0.499989	19.9605	5.48598
6.39	0.664146	-0.747603	1.64053	-0.531576	20.2147	5.5418
6.4	0.639908	-0.768451	1.61884	-0.564262	20.4639	5.63974
6.41	0.614916	-0.788593	1.59659	-0.598045	20.7066	5.78334
6.42	0.589219	-0.807973	1.57378	-0.632919	20.9376	5.97502
6.43	0.562879	-0.826539	1.55037	-0.668878	21.1557	6.21811
6.44	0.535965	-0.84424	1.52635	-0.705916	21.3561	6.51488
6.45	0.508554	-0.86103	1.50169	-0.744024	21.5384	6.86828
6.46	0.480731	-0.876868	1.47633	-0.783194	21.6994	7.28031
6.47	0.452593	-0.891717	1.45026	-0.823411	21.8399	7.75338
6.48	0.424241	-0.905549	1.4234	-0.864662	21.959	8.28916
6.49	0.395788	-0.918342	1.39572	-0.906926	22.0601	8.88962
6.5	0.367353	-0.930082	1.36715	-0.950181	22.1455	9.55619
6.51	0.339061	-0.940764	1.33762	-0.994395	22.222	10.2908
6.52	0.311044	-0.950395	1.30706	-1.03953	22.296	11.0951
6.53	0.28344	-0.95899	1.2754	-1.08555	22.379	11.9717
6.54	0.256391	-0.966573	1.24255	-1.1324	22.4829	12.9237
6.55	0.230039	-0.973181	1.20842	-1.18	22.6248	13.9558
6.56	0.204533	-0.97886	1.17292	-1.2283	22.8238	15.0743
6.57	0.18002	-0.983663	1.13597	-1.2772	23.1047	16.2882
6.58	0.156648	-0.987654	1.09745	-1.3266	23.4956	17.6098
6.59	0.134564	-0.990905	1.05728	-1.37638	24.0324	19.0558
6.6	0.113915	-0.99349	1.01536	-1.42639	24.7565	20.6488
6.61	0.0948447	-0.995492	0.971565	-1.47649	25.7197	22.4187
6.62	0.0774951	-0.996993	0.925809	-1.52649	26.9839	24.4041
6.63	0.0620059	-0.998076	0.877982	-1.57616	28.6258	26.6555
6.64	0.0485131	-0.998823	0.827981	-1.62526	30.7383	29.2363
6.65	0.0371486	-0.99931	0.775701	-1.67351	33.435	32.2258
6.66	0.0280373	-0.999607	0.721043	-1.72054	36.8501	35.7193
6.67	0.021294	-0.999773	0.663913	-1.76596	41.1372	39.8254
6.68	0.0170152	-0.999855	0.604228	-1.80929	46.4543	44.6553
6.69	0.0152679	-0.999883	0.541931	-1.84996	52.933	50.297
6.7	0.01607	-0.999871	0.476999	-1.88731	60.6069	56.7623
6.71	0.0193631	-0.999813	0.409474	-1.92058	69.2952	63.8981
6.72	0.0249762	-0.999688	0.339489	-1.94894	78.4381	71.2661
6.73	0.0325885	-0.999469	0.267302	-1.97153	86.9676	78.0478
6.74	0.0417036	-0.99913	0.193324	-1.98757	93.3787	83.1031
6.75	0.0516584	-0.998665	0.118116	-1.99645	96.184	85.3103
6.76	0.0616793	-0.998096	0.0423511	-1.99791	94.6315	84.1037
6.77	0.0709786	-0.997478	-0.0332667	-1.99203	89.1524	79.8053
6.78	0.0788562	-0.996886	-0.108085	-1.97926	81.0989	73.4314
6.79	0.0847687	-0.996401	-0.181569	-1.96028	72.0377	66.1651
6.8	0.0883491	-0.99609	-0.253325	-1.93591	63.1859	58.934
6.81	0.0893881	-0.995997	-0.323095	-1.90696	55.2418	52.2796
6.82	0.0877973	-0.996138	-0.390728	-1.87421	48.4781	46.424
6.83	0.0835724	-0.996502	-0.456153	-1.83834	42.9082	41.3914
6.84	0.0767627	-0.997049	-0.519353	-1.79995	38.4194	37.1087
6.85	0.0674506	-0.997723	-0.580346	-1.75954	34.8562	33.4675
6.86	0.0557382	-0.998445	-0.639175	-1.71754	32.0616	30.3567
6.87	0.0417393	-0.999129	-0.695896	-1.67433	29.8945	27.6768
6.88	0.0255753	-0.999673	-0.750578	-1.63022	28.2349	25.344
6.89	0.00737319	-0.999973	-0.803294	-1.58548	26.9837	23.291
6.9	-0.012736	-0.999919	-0.854122	-1.54035	26.0589	21.4644
6.91	-0.034617	-0.999401	-0.903145	-1.49504	25.3938	19.823
6.92	-0.0581309	-0.998309	-0.950447	-1.44972	24.9332	18.3357
6.93	-0.0831351	-0.996538	-0.996112	-1.40455	24.6317	16.9789
6.94	-0.109484	-0.993989	-1.04023	-1.35966	24.4515	15.7356
6.95	-0.137029	-0.990567	-1.08288	-1.31518	24.3613	14.5935
6.96	-0.165621	-0.986189	-1.12415	-1.27119	24.3351	13.5441
6.97	-0.195108	-0.980782	-1.16412	-1.2278	24.3516	12.5815
6.98	-0.225339	-0.97428	-1.20287	-1.18508	24.3933	11.7022
6.99	-0.256165	-0.966633	-1.24047	-1.14309	24.4465	10.9037
7	-0.287439	-0.957799	-1.277	-1.10188	24.5007	10.1845
7.01	-0.319018	-0.947749	-1.31253	-1.06151	24.5483	9.54385
7.02	-0.350764	-0.936464	-1.3471	-1.02201	24.5841	8.98092
7.03	-0.382543	-0.923938	-1.38077	-0.98341	24.6055	8.495
7.04	-0.414232	-0.910172	-1.4136	-0.94574	24.6115	8.08534
7.05	-0.44571	-0.895177	-1.44561	-0.909022	24.6034	7.7509
7.06	-0.47687	-0.878974	-1.47685	-0.873273	24.5835	7.49052
7.07	-0.507608	-0.861588	-1.50734	-0.838509	24.5556	7.30276
7.08	-0.537832	-0.843052	-1.5371	-0.804742	24.5243	7.18612
7.09	-0.567458	-0.823403	-1.56613	-0.771984	24.4951	7.13893
7.1	-0.596408	-0.802682	-1.59446	-0.740242	24.4739	7.1595
7.11	-0.624615	-0.780933	-1.62206	-0.709527	24.467	7.24614
7.12	-0.652018	-0.758203	-1.64894	-0.679844	24.4807	7.39721
7.13	-0.678565	-0.734541	-1.67509	-0.651199	24.5214	7.6111
7.14	-0.704207	-0.709995	-1.70047	-0.623599	24.595	7.88624
7.15	-0.728905	-0.684615	-1.72506	-0.597048	24.7068	8.22094
7.16	-0.752621	-0.658454	-1.74884	-0.571549	24.8614	8.61335
7.17	-0.775326	-0.631562	-1.77175	-0.547106	25.062	9.06111
7.18	-0.796991	-0.603992	-1.79376	-0.52372	25.3099	9.5611
7.19	-0.817592	-0.575798	-1.81482	-0.501392	25.6041	10.1089
7.2	-0.837109	-0.547036	-1.83487	-0.480119	25.9402	10.6983
7.21	-0.855523	-0.517766	-1.85385	-0.459898	26.3096	11.3206
7.22	-0.872816	-0.48805	-1.8717	-0.440723	26.6986	11.9637
7.23	-0.888974	-0.457957	-1.88835	-0.422585	27.0867	12.6113
7.24	-0.903986	-0.427562	-1.90374	-0.405472	27.4468	13.2425
7.25	-0.917841	-0.396947	-1.91781	-0.389368	27.7442	13.8314
7.26	-0.930534	-0.366205	-1.9305	-0.374254	27.9376	14.3476
7.27	-0.942064	-0.335433	-1.94176	-0.36011	27.9815	14.7576
7.28	-0.952435	-0.304743	-1.95155	-0.346909	27.8298	15.0276
7.29	-0.961658	-0.27425	-1.95983	-0.334626	27.4412	15.1271
7.3	-0.969756	-0.244078	-1.96662	-0.323232	26.7857	15.0335
7.31	-0.976756	-0.214352	-1.97191	-0.312701	25.8501	14.7359
7.32	-0.982701	-0.185197	-1.97574	-0.303007	24.6416	14.238
7.33	-0.987641	-0.156731	-1.97816	-0.294127	23.1884	13.5582
7.34	-0.991636	-0.129067	-1.97924	-0.286043	21.5366	12.7278
7.35	-0.994753	-0.102301	-1.97906	-0.278742	19.744	11.7865
7.36	-0.997068	-0.0765186	-1.97773	-0.272215	17.8727	10.7773
7.37	-0.998658	-0.051787	-1.97534	-0.26646	15.9822	9.74153
7.38	-0.999603	-0.0281591	-1.972	-0.261477	14.1242	8.71551
7.39	-0.999984	-0.00567235	-1.96782	-0.257272	12.3398	7.72804
7.4	-0.999878	0.0156488	-1.96288	-0.253855	10.6584	6.80001
7.41	-0.999359	0.0357914	-1.95728	-0.251236	9.09887	5.94486
7.42	-0.9985	0.0547515	-1.95111	-0.249428	7.67089	5.16974
7.43	-0.997366	0.0725328	-1.94445	-0.248443	6.37714	4.47685
7.44	-0.996019	0.0891441	-1.93737	-0.248295	5.21525	3.86487
7.45	-0.994515	0.104598	-1.92991	-0.248998	4.17954	3.33011
7.46	-0.992905	0.11891	-1.92215	-0.250564	3.26232	2.86745
7.47	-0.991237	0.132096	-1.91411	-0.253005	2.45495	2.47105
7.48	-0.989552	0.144174	-1.90585	-0.256331	1.74853	2.13484
7.49	-0.987889	0.155159	-1.89739	-0.260553	1.1344	1.85282
7.5	-0.986282	0.165069	-1.88875	-0.265678	0.604421	1.61932
7.51	-0.98476	0.173917	-1.87998	-0.271714	0.151124	1.42906
7.52	-0.983351	0.181718	-1.87107	-0.278667	-0.232203	1.27721
7.53	-0.982076	0.188483	-1.86205	-0.286542	-0.551495	1.15941
7.54	-0.980958	0.194222	-1.85292	-0.295343	-0.811942	1.07175
7.55	-0.980011	0.198942	-1.84371	-0.305072	-1.01802	1.01074
7.56	-0.979251	0.20265	-1.8344	-0.315731	-1.17354	0.973278
7.57	-0.978688	0.20535	-1.82501	-0.32732	-1.28173	0.956594
7.58	-0.978332	0.207044	-1.81554	-0.339839	-1.34525	0.958234
7.59	-0.978186	0.207732	-1.80599	-0.353286	-1.36628	0.976017
7.6	-0.978254	0.207412	-1.79636	-0.367659	-1.34655	1.00801
7.61	-0.978535	0.206081	-1.78664	-0.382955	-1.28736	1.05248
7.62	-0.979027	0.203733	-1.77684	-0.39917	-1.18969	1.10791
7.63	-0.979722	0.200361	-1.76695	-0.416299	-1.05417	1.17296
7.64	-0.980613	0.195956	-1.75697	-0.434336	-0.88111	1.24644
7.65	-0.981686	0.190508	-1.74689	-0.453276	-0.670571	1.32733
7.66	-0.982925	0.184007	-1.73671	-0.473111	-0.422347	1.41479
7.67	-0.984312	0.176439	-1.72643	-0.493834	-0.135997	1.5081
7.68	-0.985823	0.167791	-1.71603	-0.515437	0.189147	1.60674
7.69	-0.987431	0.15805	-1.70551	-0.53791	0.553972	1.71036
7.7	-0.989107	0.147199	-1.69487	-0.561246	0.959579	1.81881
7.71	-0.990815	0.135224	-1.68411	-0.585434	1.40729	1.93217
7.72	-0.992517	0.12211	-1.6732	-0.610463	1.89865	2.05076
7.73	-0.994168	0.107842	-1.66216	-0.636323	2.43546	2.17519
7.74	-0.995722	0.0924049	-1.65098	-0.663001	3.0198	2.30641
7.75	-0.997124	0.0757848	-1.63964	-0.690487	3.65407	2.44574
7.76	-0.998318	0.057969	-1.62815	-0.718765	4.34105	2.59498
7.77	-0.999241	0.0389458	-1.61649	-0.747823	5.08398	2.7564
7.78	-0.999825	0.0187056	-1.60466	-0.777645	5.88666	2.93292
7.79	-0.999996	-0.00275969	-1.59265	-0.808214	6.75359	3.12813
7.8	-0.999676	-0.0254553	-1.58046	-0.839511	7.69013	3.34648
7.81	-0.99878	-0.049384	-1.56808	-0.871516	8.70269	3.59339
7.82	-0.997218	-0.0745453	-1.55549	-0.904206	9.79905	3.87542
7.83	-0.994893	-0.100935	-1.54268	-0.937554	10.9886	4.20051
7.84	-0.991704	-0.128545	-1.52964	-0.971531	12.2829	4.57824
7.85	-0.987541	-0.157363	-1.51635	-1.0061	13.6959	5.0201
7.86	-0.982289	-0.187371	-1.5028	-1.04122	15.2448	5.53991
7.87	-0.975827	-0.218546	-1.48896	-1.07685	16.9505	6.15424
7.88	-0.968024	-0.250857	-1.4748	-1.11293	18.8387	6.88293
7.89	-0.958745	-0.284269	-1.46029	-1.1494	20.9404	7.74964
7.9	-0.947844	-0.318734	-1.44539	-1.18617	23.2928	8.7824
7.91	-0.935171	-0.354196	-1.43005	-1.22316	25.9403	10.0141
7.92	-0.920566	-0.390587	-1.41421	-1.26025	28.9342	11.4824
7.93	-0.903863	-0.427822	-1.3978	-1.29732	32.3318	13.2296
7.94	-0.88489	-0.4658	-1.38074	-1.33421	36.1935	15.2997
7.95	-0.863473	-0.504395	-1.36291	-1.37075	40.5759	17.7348
7.96	-0.839441	-0.543451	-1.34418	-1.40672	45.5186	20.5654
7.97	-0.81263	-0.582779	-1.32441	-1.44189	51.0235	23.7965
7.98	-0.7829	-0.622147	-1.30342	-1.476	57.0221	27.385
7.99	-0.750145	-0.661273	-1.281	-1.50874	63.3362	31.2125
8	-0.714316	-0.699824	-1.25691	-1.53982	69.6414	35.0598
8.01	-0.675438	-0.737417	-1.23092	-1.56894	75.4585	38.6008
8.02	-0.633636	-0.773631	-1.2028	-1.59586	80.2056	41.4386
8.03	-0.589136	-0.808034	-1.17233	-1.62037	83.327	43.1942
8.04	-0.542267	-0.840206	-1.13936	-1.64238	84.4652	43.6264
8.05	-0.493434	-0.869783	-1.10381	-1.6619	83.5884	42.7198
8.06	-0.443084	-0.89648	-1.06567	-1.67903	80.9935	40.6861
8.07	-0.391671	-0.920105	-1.02501	-1.69398	77.1846	37.8795
8.08	-0.339622	-0.940562	-0.981959	-1.70698	72.7078	34.6824
8.09	-0.287317	-0.957836	-0.936687	-1.71831	68.0261	31.4182
8.1	-0.235085	-0.971975	-0.889374	-1.72822	63.4654	28.3149
8.11	-0.183202	-0.983075	-0.840206	-1.73696	59.2174	25.5074
8.12	-0.131901	-0.991263	-0.789358	-1.74476	55.37	23.0593
8.13	-0.0813788	-0.996683	-0.736988	-1.75178	51.9423	20.9867
8.14	-0.0318049	-0.999494	-0.683238	-1.7582	48.9136	19.278
8.15	0.0166727	-0.999861	-0.628227	-1.76413	46.2438	17.9083
8.16	0.0639213	-0.997955	-0.572057	-1.76966	43.8858	16.8471
8.17	0.10982	-0.993951	-0.514812	-1.77487	41.7937	16.0634
8.18	0.154259	-0.98803	-0.45656	-1.7798	39.9259	15.528
8.19	0.197135	-0.980376	-0.397356	-1.78448	38.2474	15.2145
8.2	0.238355	-0.971178	-0.337246	-1.78891	36.7304	15.0995
8.21	0.277833	-0.960629	-0.276265	-1.79308	35.3545	15.1628
8.22	0.31549	-0.948929	-0.214443	-1.79697	34.1059	15.3872
8.23	0.351258	-0.936279	-0.151805	-1.80053	32.9778	15.7581
8.24	0.385077	-0.922884	-0.0883746	-1.8037	31.9696	16.2641
8.25	0.416898	-0.908953	-0.0241744	-1.80642	31.0865	16.8966
8.26	0.44668	-0.894694	0.0407701	-1.80861	30.3393	17.6504
8.27	0.474393	-0.880313	0.106429	-1.81015	29.7445	18.524
8.28	0.500015	-0.866017	0.172768	-1.81096	29.3238	19.5202
8.29	0.523534	-0.852005	0.239744	-1.81089	29.1051	20.6463
8.3	0.544945	-0.838472	0.307302	-1.80982	29.122	21.9156
8.31	0.56425	-0.825604	0.375377	-1.80761	29.4151	23.3472
8.32	0.581455	-0.813579	0.443889	-1.80407	30.0322	24.9674
8.33	0.596571	-0.80256	0.512739	-1.79904	31.0292	26.8098
8.34	0.609611	-0.7927	0.581807	-1.79231	32.4698	28.9153
8.35	0.620593	-0.784133	0.650947	-1.78367	34.4244	31.3308
8.36	0.629534	-0.776973	0.719983	-1.77287	36.9655	34.1053
8.37	0.636459	-0.771311	0.788699	-1.75965	40.1576	37.2821
8.38	0.641399	-0.767208	0.856834	-1.74373	44.0389	40.8842
8.39	0.6444	-0.764688	0.924073	-1.72478	48.5887	44.8901
8.4	0.645536	-0.76373	0.990039	-1.70251	53.6809	49.1987
8.41	0.644915	-0.764255	1.0543	-1.67662	59.0284	53.5887
8.42	0.642697	-0.766121	1.11635	-1.64683	64.144	57.6907
8.43	0.639107	-0.769118	1.17567	-1.61298	68.3621	61.0054
8.44	0.634436	-0.772975	1.23173	-1.575	70.969	63.0023
8.45	0.629036	-0.777376	1.28405	-1.53299	71.4305	63.2892
8.46	0.623287	-0.781993	1.33227	-1.48722	69.6097	61.7736
8.47	0.617568	-0.786518	1.37614	-1.4381	65.8249	58.7053
8.48	0.61222	-0.790687	1.4156	-1.38615	60.7059	54.5672
8.49	0.60752	-0.794304	1.4507	-1.33193	54.9535	49.8967
8.5	0.60367	-0.797234	1.48162	-1.27599	49.1508	45.1432
8.51	0.600801	-0.799399	1.50857	-1.21886	43.6857	40.6098
8.52	0.598982	-0.800763	1.53185	-1.16099	38.7625	36.461
8.53	0.598233	-0.801322	1.55171	-1.10277	34.452	32.7592
8.54	0.59854	-0.801093	1.56846	-1.04453	30.7434	29.5041
8.55	0.599866	-0.800101	1.58233	-0.986543	27.5847	26.662
8.56	0.602153	-0.798381	1.59358	-0.929027	24.9073	24.1858
8.57	0.605337	-0.795969	1.60243	-0.872168	22.6409	22.0255
8.58	0.609346	-0.792904	1.60908	-0.816115	20.7202	20.1343
8.59	0.614105	-0.789224	1.61371	-0.760991	19.0877	18.4705
8.6	0.619538	-0.784966	1.61649	-0.706895	17.6943	16.9986
8.61	0.62557	-0.780168	1.61757	-0.65391	16.499	15.6885
8.62	0.632127	-0.774865	1.61709	-0.6021	15.4673	14.5154
8.63	0.639136	-0.769093	1.61518	-0.551519	14.5711	13.4588
8.64	0.646529	-0.76289	1.61195	-0.50221	13.787	12.5017
8.65	0.654238	-0.756289	1.60752	-0.454206	13.0957	11.6304
8.66	0.662199	-0.749328	1.60197	-0.407532	12.4815	10.8333
8.67	0.670353	-0.742042	1.59541	-0.362209	11.931	10.1011
8.68	0.678643	-0.734469	1.58791	-0.318249	11.4337	9.42602
8.69	0.687014	-0.726644	1.57955	-0.275661	10.9805	8.80159
8.7	0.695418	-0.718606	1.5704	-0.23445	10.5641	8.22244
8.71	0.703807	-0.710391	1.56053	-0.194618	10.1785	7.68405
8.72	0.712139	-0.702038	1.55	-0.156162	9.81873	7.18257
8.73	0.720375	-0.693585	1.53887	-0.119079	9.48085	6.71477
8.74	0.728478	-0.68507	1.52719	-0.083362	9.16161	6.27781
8.75	0.736415	-0.67653	1.51501	-0.0490035	8.85845	5.86925
8.76	0.744159	-0.668003	1.50237	-0.0159941	8.56937	5.48693
8.77	0.751681	-0.659527	1.48931	0.0156767	8.29284	5.12893
8.78	0.758959	-0.651138	1.47588	0.0460205	8.02773	4.79353
8.79	0.765972	-0.642874	1.46209	0.0750491	7.77326	4.47913
8.8	0.772702	-0.634769	1.448	0.102775	7.52891	4.18429
8.81	0.779133	-0.626858	1.43362	0.129212	7.29444	3.90764
8.82	0.785253	-0.619175	1.41899	0.154372	7.06977	3.64791
8.83	0.791048	-0.611753	1.40413	0.178269	6.85503	3.40389
8.84	0.796511	-0.604624	1.38905	0.200916	6.65044	3.17442
8.85	0.801632	-0.597817	1.37379	0.222327	6.45637	2.95839
8.86	0.806406	-0.591363	1.35836	0.242513	6.27329	2.75472
8.87	0.810825	-0.585288	1.34277	0.261489	6.10171	2.56236
8.88	0.814887	-0.57962	1.32705	0.279267	5.94224	2.3803
8.89	0.818586	-0.574384	1.31121	0.29586	5.79551	2.20751
8.9	0.82192	-0.569603	1.29526	0.311279	5.66222	2.04303
8.91	0.824885	-0.565301	1.27921	0.325537	5.54309	1.88586
8.92	0.827478	-0.561498	1.26307	0.338646	5.43888	1.73504
8.93	0.829697	-0.558214	1.24686	0.350618	5.35038	1.58959
8.94	0.831538	-0.555467	1.23058	0.361465	5.2784	1.44856
8.95	0.832998	-0.553275	1.21425	0.371198	5.22378	1.31097
8.96	0.834073	-0.551654	1.19786	0.379828	5.18741	1.17585
8.97	0.834758	-0.550618	1.18143	0.387368	5.17021	1.04222
8.98	0.835046	-0.55018	1.16497	0.393829	5.17313	0.909076
8.99	0.834933	-0.550352	1.14847	0.399224	5.19717	0.775416
9	0.83441	-0.551145	1.13195	0.403564	5.24339	0.640212
9.01	0.833467	-0.552569	1.11541	0.406862	5.31291	0.502416
9.02	0.832096	-0.554631	1.09886	0.409131	5.4069	0.360963
9.03	0.830284	-0.55734	1.0823	0.410384	5.52662	0.214758
9.04	0.828019	-0.5607	1.06573	0.410636	5.67341	0.0626865
9.05	0.825284	-0.564717	1.04916	0.4099	5.84867	-0.0963935
9.06	0.822065	-0.569394	1.03259	0.408194	6.05393	-0.263648
9.07	0.818341	-0.574733	1.01603	0.405532	6.29077	-0.440265
9.08	0.814094	-0.580733	0.999477	0.401933	6.56091	-0.627454
9.09	0.8093	-0.587395	0.982935	0.397415	6.86613	-0.826437
9.1	0.803936	-0.594716	0.966408	0.391997	7.20831	-1.03844
9.11	0.797975	-0.602691	0.949897	0.385702	7.58942	-1.2647
9.12	0.791388	-0.611314	0.933405	0.37855	8.01148	-1.50642
9.13	0.784146	-0.620577	0.916935	0.370568	8.47658	-1.76478
9.14	0.776215	-0.630469	0.900488	0.361779	8.98683	-2.04092
9.15	0.76756	-0.640977	0.884067	0.352213	9.54431	-2.33587
9.16	0.758145	-0.652086	0.867673	0.341898	10.1511	-2.6506
9.17	0.747931	-0.663776	0.851308	0.330866	10.809	-2.98589
9.18	0.736878	-0.676026	0.834973	0.319151	11.52	-3.34238
9.19	0.724942	-0.68881	0.818672	0.306788	12.2854	-3.72044
9.2	0.712081	-0.702098	0.802405	0.293815	13.1066	-4.1202
9.21	0.698248	-0.715856	0.786176	0.280271	13.9842	-4.54144
9.22	0.6834	-0.730045	0.769987	0.2662	14.9185	-4.98352
9.23	0.667488	-0.74462	0.753841	0.251644	15.909	-5.44537
9.24	0.650468	-0.759534	0.737742	0.236651	16.9547	-5.92539
9.25	0.632294	-0.774729	0.721696	0.221267	18.0533	-6.42139
9.26	0.612921	-0.790144	0.705707	0.205542	19.2018	-6.93056
9.27	0.592308	-0.805712	0.689782	0.189526	20.3959	-7.44939
9.28	0.570415	-0.821357	0.673931	0.173271	21.6301	-7.97365
9.29	0.547206	-0.836998	0.658163	0.156828	22.8975	-8.49841
9.3	0.522652	-0.852546	0.642489	0.140248	24.1901	-9.01797
9.31	0.496728	-0.867906	0.626925	0.123582	25.4983	-9.52596
9.32	0.469415	-0.882978	0.611484	0.106879	26.811	-10.0153
9.33	0.440703	-0.897653	0.596187	0.0901854	28.1162	-10.4785
9.34	0.410592	-0.911819	0.581053	0.0735451	29.4004	-10.9075
9.35	0.37909	-0.92536	0.566106	0.0569973	30.6492	-11.2937
9.36	0.346219	-0.938154	0.55137	0.0405764	31.8476	-11.6288
9.37	0.312009	-0.950079	0.536874	0.0243109	32.9799	-11.9041
9.38	0.276506	-0.961012	0.522645	0.0082224	34.03	-12.1112
9.39	0.239768	-0.97083	0.508715	-0.00767545	34.9823	-12.2421
9.4	0.201864	-0.979414	0.495114	-0.0233776	35.8211	-12.2892
9.41	0.162881	-0.986646	0.481873	-0.0388884	36.5317	-12.2457
9.42	0.122915	-0.992417	0.469022	-0.0542222	37.1001	-12.1055
9.43	0.0820773	-0.996626	0.45659	-0.069404	37.5138	-11.8635
9.44	0.0404902	-0.99918	0.4446	-0.0844696	37.7617	-11.5158
9.45	-0.00171275	-0.999999	0.433075	-0.0994656	37.834	-11.0593
9.46	-0.0443879	-0.999014	0.422029	-0.114449	37.7234	-10.4925
9.47	-0.0873832	-0.996175	0.41147	-0.129488	37.4239	-9.81487
9.48	-0.13054	-0.991443	0.401398	-0.14466	36.9321	-9.02732
9.49	-0.173694	-0.9848	0.391804	-0.16005	36.2465	-8.13204
9.5	-0.216677	-0.976243	0.382666	-0.175752	35.368	-7.1326
9.51	-0.259323	-0.965791	0.373953	-0.191864	34.2996	-6.03397
9.52	-0.301461	-0.953479	0.365618	-0.208492	33.0468	-4.84261
9.53	-0.342927	-0.939362	0.357603	-0.22574	31.6176	-3.56644
9.54	-0.383561	-0.923516	0.349834	-0.243713	30.0225	-2.21496
9.55	-0.423208	-0.906033	0.342225	-0.262516	28.2742	-0.799238
9.56	-0.461721	-0.887025	0.334673	-0.282247	26.3885	0.668021
9.57	-0.498967	-0.866621	0.327064	-0.302996	24.3835	2.17253
9.58	-0.534819	-0.844967	0.319274	-0.324846	22.2799	3.69846
9.59	-0.569167	-0.822222	0.311166	-0.347866	20.1009	5.22858
9.6	-0.601915	-0.79856	0.302596	-0.372111	17.8719	6.74448
9.61	-0.632982	-0.774167	0.293416	-0.39762	15.6202	8.22688
9.62	-0.662302	-0.749237	0.283473	-0.424415	13.3747	9.65609
9.63	-0.689827	-0.723975	0.272619	-0.4525	11.165	11.0125
9.64	-0.715526	-0.698586	0.260707	-0.48186	9.02104	12.2773
9.65	-0.739385	-0.673283	0.247599	-0.512463	6.97195	13.433
9.66	-0.761407	-0.648274	0.233168	-0.544259	5.04531	14.4644
9.67	-0.78161	-0.623767	0.217304	-0.577184	3.2662	15.3593
9.68	-0.800027	-0.599964	0.19991	-0.611158	1.65633	16.1087
9.69	-0.816704	-0.577057	0.180911	-0.646093	0.233338	16.7079
9.7	-0.831696	-0.555231	0.16025	-0.681893	-0.989762	17.1562
9.71	-0.845071	-0.534654	0.137892	-0.718456	-2.00484	17.4574
9.72	-0.8569	-0.515482	0.113824	-0.755679	-2.80862	17.6195
9.73	-0.86726	-0.497855	0.0880492	-0.793462	-3.40243	17.6541
9.74	-0.876229	-0.481896	0.0605924	-0.831704	-3.79157	17.5764
9.75	-0.883882	-0.467711	0.0314925	-0.870315	-3.9846	17.404
9.76	-0.890292	-0.45539	0.000802136	-0.909208	-3.99236	17.1565
9.77	-0.895527	-0.445007	-0.031415	-0.948306	-3.82697	16.8546
9.78	-0.899646	-0.436619	-0.0650872	-0.987538	-3.50076	16.52
9.79	-0.902699	-0.430273	-0.100137	-1.02684	-3.02525	16.1742
9.8	-0.904723	-0.426	-0.136485	-1.06616	-2.41011	15.839
9.81	-0.905745	-0.423823	-0.174051	-1.10546	-1.66221	15.5359
9.82	-0.905777	-0.423754	-0.212753	-1.14467	-0.78464	15.2867
9.83	-0.904817	-0.4258	-0.252516	-1.18376	0.224311	15.1136
9.84	-0.902847	-0.429962	-0.293266	-1.22269	1.37236	15.0402
9.85	-0.899831	-0.436238	-0.334934	-1.2614	2.67469	15.0927
9.86	-0.895717	-0.444624	-0.377456	-1.29985	4.15597	15.3013
9.87	-0.890433	-0.455115	-0.420772	-1.33796	5.85308	15.7027
9.88	-0.883883	-0.467707	-0.464826	-1.37567	7.81919	16.3432
9.89	-0.875951	-0.4824	-0.509565	-1.41286	10.1296	17.2834
9.9	-0.866491	-0.499193	-0.554937	-1.44942	12.8903	18.6045
9.91	-0.855324	-0.518093	-0.600887	-1.48518	16.2516	20.4185
9.92	-0.842237	-0.539107	-0.647353	-1.51993	20.427	22.8825
9.93	-0.826971	-0.562245	-0.694259	-1.5534	25.7229	26.2196
9.94	-0.809214	-0.587515	-0.741502	-1.58522	32.5804	30.7493
9.95	-0.788595	-0.614913	-0.788936	-1.61491	41.6317	36.9276
9.96	-0.764677	-0.644413	-0.83634	-1.64184	53.7586	45.3879
9.97	-0.736964	-0.675932	-0.883372	-1.66516	70.1003	56.9443
9.98	-0.704926	-0.709281	-0.929498	-1.68374	91.8353	72.4303
9.99	-0.668092	-0.744078	-0.973898	-1.69617	119.314	92.07
10	-0.626231	-0.779637	-1.01537	-1.70081	149.968	113.969
